model,graph_id,design_id,nearest_graph_id,target,actual,predicted,error,absolute_error
mean_baseline,alfio_raffc_pin_3:cand_0001,alfio_raffc_pin_3,,cap_count,130.0,91.84482758620689,-38.15517241379311,38.15517241379311
mean_baseline,alfio_raffc_pin_3:cand_0001,alfio_raffc_pin_3,,total_cap_ff,99.32308,1029.0334634482758,929.7103834482758,929.7103834482758
mean_baseline,alfio_raffc_pin_3:cand_0001,alfio_raffc_pin_3,,output_node_cap_ff,0.80601,214.16879413793103,213.36278413793104,213.36278413793104
mean_baseline,alfio_raffc_reproduction_sweep_20260818_v1/alfio_repro_sweep_0000_baseline,alfio_raffc_pin_3,,cap_count,130.0,91.84482758620689,-38.15517241379311,38.15517241379311
mean_baseline,alfio_raffc_reproduction_sweep_20260818_v1/alfio_repro_sweep_0000_baseline,alfio_raffc_pin_3,,total_cap_ff,99.32308,1029.0334634482758,929.7103834482758,929.7103834482758
mean_baseline,alfio_raffc_reproduction_sweep_20260818_v1/alfio_repro_sweep_0000_baseline,alfio_raffc_pin_3,,output_node_cap_ff,11.83896,213.97857086206898,202.139610862069,202.139610862069
mean_baseline,alfio_raffc_reproduction_sweep_20260818_v1/alfio_repro_sweep_0001_gm1_pmos_w_pstep,alfio_raffc_pin_3,,cap_count,130.0,91.84482758620689,-38.15517241379311,38.15517241379311
mean_baseline,alfio_raffc_reproduction_sweep_20260818_v1/alfio_repro_sweep_0001_gm1_pmos_w_pstep,alfio_raffc_pin_3,,total_cap_ff,99.45836,1029.0311310344828,929.5727710344828,929.5727710344828
mean_baseline,alfio_raffc_reproduction_sweep_20260818_v1/alfio_repro_sweep_0001_gm1_pmos_w_pstep,alfio_raffc_pin_3,,output_node_cap_ff,11.844560000000003,213.97847431034484,202.13391431034484,202.13391431034484
mean_baseline,alfio_raffc_reproduction_sweep_20260818_v1/alfio_repro_sweep_0002_gm2_pmos_w_pstep,alfio_raffc_pin_3,,cap_count,126.0,91.91379310344827,-34.08620689655173,34.08620689655173
mean_baseline,alfio_raffc_reproduction_sweep_20260818_v1/alfio_repro_sweep_0002_gm2_pmos_w_pstep,alfio_raffc_pin_3,,total_cap_ff,99.23916,1029.0349103448275,929.7957503448275,929.7957503448275
mean_baseline,alfio_raffc_reproduction_sweep_20260818_v1/alfio_repro_sweep_0002_gm2_pmos_w_pstep,alfio_raffc_pin_3,,output_node_cap_ff,11.64657,213.9818879310345,202.3353179310345,202.3353179310345
mean_baseline,alfio_raffc_reproduction_sweep_20260818_v1/alfio_repro_sweep_0003_gmb_nmos_w_pstep,alfio_raffc_pin_3,,cap_count,128.0,91.87931034482759,-36.12068965517241,36.12068965517241
mean_baseline,alfio_raffc_reproduction_sweep_20260818_v1/alfio_repro_sweep_0003_gmb_nmos_w_pstep,alfio_raffc_pin_3,,total_cap_ff,103.41121,1028.9629784482759,925.5517684482759,925.5517684482759
mean_baseline,alfio_raffc_reproduction_sweep_20260818_v1/alfio_repro_sweep_0003_gmb_nmos_w_pstep,alfio_raffc_pin_3,,output_node_cap_ff,11.84383,213.97848689655171,202.13465689655172,202.13465689655172
mean_baseline,fan_smc_pin_3:cand_0008,fan_smc_pin_3,,cap_count,115.0,92.10344827586206,-22.896551724137936,22.896551724137936
mean_baseline,fan_smc_pin_3:cand_0008,fan_smc_pin_3,,total_cap_ff,520.84706,1021.7658086206895,500.9187486206895,500.9187486206895
mean_baseline,fan_smc_pin_3:cand_0008,fan_smc_pin_3,,output_node_cap_ff,11.9045,213.97744086206896,202.07294086206895,202.07294086206895
mean_baseline,fan_smc_reproduction_sweep_20260817_v1/fan_repro_sweep_0000_baseline,fan_smc_pin_3,,cap_count,115.0,92.10344827586206,-22.896551724137936,22.896551724137936
mean_baseline,fan_smc_reproduction_sweep_20260817_v1/fan_repro_sweep_0000_baseline,fan_smc_pin_3,,total_cap_ff,520.84706,1021.7658086206895,500.9187486206895,500.9187486206895
mean_baseline,fan_smc_reproduction_sweep_20260817_v1/fan_repro_sweep_0000_baseline,fan_smc_pin_3,,output_node_cap_ff,40.15012,213.4904474137931,173.3403274137931,173.3403274137931
mean_baseline,fan_smc_reproduction_sweep_20260817_v1/fan_repro_sweep_0001_input_pair_w_mstep,fan_smc_pin_3,,cap_count,115.0,92.10344827586206,-22.896551724137936,22.896551724137936
mean_baseline,fan_smc_reproduction_sweep_20260817_v1/fan_repro_sweep_0001_input_pair_w_mstep,fan_smc_pin_3,,total_cap_ff,520.80192,1021.7665868965516,500.96466689655165,500.96466689655165
mean_baseline,fan_smc_reproduction_sweep_20260817_v1/fan_repro_sweep_0001_input_pair_w_mstep,fan_smc_pin_3,,output_node_cap_ff,40.15012,213.4904474137931,173.3403274137931,173.3403274137931
mean_baseline,fan_smc_reproduction_sweep_20260817_v1/fan_repro_sweep_0002_input_pair_w_pstep,fan_smc_pin_3,,cap_count,121.0,92.0,-29.0,29.0
mean_baseline,fan_smc_reproduction_sweep_20260817_v1/fan_repro_sweep_0002_input_pair_w_pstep,fan_smc_pin_3,,total_cap_ff,532.59027,1021.5633394827587,488.97306948275866,488.97306948275866
mean_baseline,fan_smc_reproduction_sweep_20260817_v1/fan_repro_sweep_0002_input_pair_w_pstep,fan_smc_pin_3,,output_node_cap_ff,40.50775,213.48428137931035,172.97653137931036,172.97653137931036
mean_baseline,fan_smc_reproduction_sweep_20260817_v1/fan_repro_sweep_0003_load2_nmos_w_pstep,fan_smc_pin_3,,cap_count,115.0,92.10344827586206,-22.896551724137936,22.896551724137936
mean_baseline,fan_smc_reproduction_sweep_20260817_v1/fan_repro_sweep_0003_load2_nmos_w_pstep,fan_smc_pin_3,,total_cap_ff,520.83408,1021.7660324137931,500.93195241379317,500.93195241379317
mean_baseline,fan_smc_reproduction_sweep_20260817_v1/fan_repro_sweep_0003_load2_nmos_w_pstep,fan_smc_pin_3,,output_node_cap_ff,40.15012,213.4904474137931,173.3403274137931,173.3403274137931
mean_baseline,grpo_admission_20260821_analoggym_contract_v1/grpo_leung_dfcfc2_0001,leung_dfcfc2_pin_3,,cap_count,131.0,91.82758620689656,-39.172413793103445,39.172413793103445
mean_baseline,grpo_admission_20260821_analoggym_contract_v1/grpo_leung_dfcfc2_0001,leung_dfcfc2_pin_3,,total_cap_ff,1557.8,1003.8873096551724,-553.9126903448275,553.9126903448275
mean_baseline,grpo_admission_20260821_analoggym_contract_v1/grpo_leung_dfcfc2_0001,leung_dfcfc2_pin_3,,output_node_cap_ff,0.0,214.18269086206897,214.18269086206897,214.18269086206897
mean_baseline,grpo_admission_20260821_analoggym_contract_v1/grpo_leung_dfcfc2_0006,leung_dfcfc2_pin_3,,cap_count,151.0,91.48275862068965,-59.51724137931035,59.51724137931035
mean_baseline,grpo_admission_20260821_analoggym_contract_v1/grpo_leung_dfcfc2_0006,leung_dfcfc2_pin_3,,total_cap_ff,5698.66,932.4931717241379,-4766.166828275862,4766.166828275862
mean_baseline,grpo_admission_20260821_analoggym_contract_v1/grpo_leung_dfcfc2_0006,leung_dfcfc2_pin_3,,output_node_cap_ff,0.0,214.18269086206897,214.18269086206897,214.18269086206897
mean_baseline,grpo_to_pcs_admission_smoke_v1/grpo_leung_dfcfc2_0000,leung_dfcfc2_pin_3,,cap_count,134.0,91.77586206896552,-42.22413793103448,42.22413793103448
mean_baseline,grpo_to_pcs_admission_smoke_v1/grpo_leung_dfcfc2_0000,leung_dfcfc2_pin_3,,total_cap_ff,3999.37,961.7912751724139,-3037.578724827586,3037.578724827586
mean_baseline,grpo_to_pcs_admission_smoke_v1/grpo_leung_dfcfc2_0000,leung_dfcfc2_pin_3,,output_node_cap_ff,0.0,214.18269086206897,214.18269086206897,214.18269086206897
mean_baseline,grpo_to_pcs_admission_smoke_v1/grpo_leung_dfcfc2_0001,leung_dfcfc2_pin_3,,cap_count,127.0,91.89655172413794,-35.103448275862064,35.103448275862064
mean_baseline,grpo_to_pcs_admission_smoke_v1/grpo_leung_dfcfc2_0001,leung_dfcfc2_pin_3,,total_cap_ff,3169.88,976.0928268965517,-2193.7871731034484,2193.7871731034484
mean_baseline,grpo_to_pcs_admission_smoke_v1/grpo_leung_dfcfc2_0001,leung_dfcfc2_pin_3,,output_node_cap_ff,0.0,214.18269086206897,214.18269086206897,214.18269086206897
mean_baseline,hoilee_affc_pin_3:cand_0001,hoilee_affc_pin_3,,cap_count,156.0,91.39655172413794,-64.60344827586206,64.60344827586206
mean_baseline,hoilee_affc_pin_3:cand_0001,hoilee_affc_pin_3,,total_cap_ff,272.48469,1026.0479184482758,753.5632284482758,753.5632284482758
mean_baseline,hoilee_affc_pin_3:cand_0001,hoilee_affc_pin_3,,output_node_cap_ff,2.15939,214.14546,211.98607,211.98607
mean_baseline,leung_dfcfc1_pin_3:cand_0001,leung_dfcfc1_pin_3,,cap_count,142.0,91.63793103448276,-50.36206896551724,50.36206896551724
mean_baseline,leung_dfcfc1_pin_3:cand_0001,leung_dfcfc1_pin_3,,total_cap_ff,1351.17155,1007.449869137931,-343.721680862069,343.721680862069
mean_baseline,leung_dfcfc1_pin_3:cand_0001,leung_dfcfc1_pin_3,,output_node_cap_ff,173.143,211.1974667241379,38.05446672413791,38.05446672413791
mean_baseline,leung_dfcfc2_pin_3:cand_0001,leung_dfcfc2_pin_3,,cap_count,106.0,92.25862068965517,-13.741379310344826,13.741379310344826
mean_baseline,leung_dfcfc2_pin_3:cand_0001,leung_dfcfc2_pin_3,,total_cap_ff,513.11719,1021.8990822413793,508.7818922413793,508.7818922413793
mean_baseline,leung_dfcfc2_pin_3:cand_0001,leung_dfcfc2_pin_3,,output_node_cap_ff,5.7062,214.08430810344825,208.37810810344826,208.37810810344826
mean_baseline,leung_dfcfc2_pin_3__grpo_admission_batch_v2_20260822/grpo_leung_dfcfc2_0000,leung_dfcfc2_pin_3,,cap_count,131.0,91.82758620689656,-39.172413793103445,39.172413793103445
mean_baseline,leung_dfcfc2_pin_3__grpo_admission_batch_v2_20260822/grpo_leung_dfcfc2_0000,leung_dfcfc2_pin_3,,total_cap_ff,1762.34211,1000.3607215517242,-761.9813884482759,761.9813884482759
mean_baseline,leung_dfcfc2_pin_3__grpo_admission_batch_v2_20260822/grpo_leung_dfcfc2_0000,leung_dfcfc2_pin_3,,output_node_cap_ff,0.0,214.18269086206897,214.18269086206897,214.18269086206897
mean_baseline,leung_dfcfc2_pin_3__grpo_admission_batch_v2_20260822/grpo_leung_dfcfc2_0008,leung_dfcfc2_pin_3,,cap_count,112.0,92.15517241379311,-19.84482758620689,19.84482758620689
mean_baseline,leung_dfcfc2_pin_3__grpo_admission_batch_v2_20260822/grpo_leung_dfcfc2_0008,leung_dfcfc2_pin_3,,total_cap_ff,5781.05423,931.0725815517242,-4849.981648448275,4849.981648448275
mean_baseline,leung_dfcfc2_pin_3__grpo_admission_batch_v2_20260822/grpo_leung_dfcfc2_0008,leung_dfcfc2_pin_3,,output_node_cap_ff,0.0,214.18269086206897,214.18269086206897,214.18269086206897
mean_baseline,leung_dfcfc2_pin_3__grpo_admission_batch_v2_20260822/grpo_leung_dfcfc2_0011,leung_dfcfc2_pin_3,,cap_count,129.0,91.86206896551724,-37.13793103448276,37.13793103448276
mean_baseline,leung_dfcfc2_pin_3__grpo_admission_batch_v2_20260822/grpo_leung_dfcfc2_0011,leung_dfcfc2_pin_3,,total_cap_ff,3656.83521,967.6970474137931,-2689.138162586207,2689.138162586207
mean_baseline,leung_dfcfc2_pin_3__grpo_admission_batch_v2_20260822/grpo_leung_dfcfc2_0011,leung_dfcfc2_pin_3,,output_node_cap_ff,0.0,214.18269086206897,214.18269086206897,214.18269086206897
mean_baseline,leung_dfcfc2_pin_3__grpo_admission_batch_v3_20260822/grpo_leung_dfcfc2_0002,leung_dfcfc2_pin_3,,cap_count,118.0,92.05172413793103,-25.948275862068968,25.948275862068968
mean_baseline,leung_dfcfc2_pin_3__grpo_admission_batch_v3_20260822/grpo_leung_dfcfc2_0002,leung_dfcfc2_pin_3,,total_cap_ff,2001.61333,996.2353556896551,-1005.3779743103448,1005.3779743103448
mean_baseline,leung_dfcfc2_pin_3__grpo_admission_batch_v3_20260822/grpo_leung_dfcfc2_0002,leung_dfcfc2_pin_3,,output_node_cap_ff,0.0,214.18269086206897,214.18269086206897,214.18269086206897
mean_baseline,leung_dfcfc2_pin_3__grpo_admission_batch_v3_20260822/grpo_leung_dfcfc2_0005,leung_dfcfc2_pin_3,,cap_count,135.0,91.75862068965517,-43.241379310344826,43.241379310344826
mean_baseline,leung_dfcfc2_pin_3__grpo_admission_batch_v3_20260822/grpo_leung_dfcfc2_0005,leung_dfcfc2_pin_3,,total_cap_ff,3351.97493,972.953259137931,-2379.0216708620687,2379.0216708620687
mean_baseline,leung_dfcfc2_pin_3__grpo_admission_batch_v3_20260822/grpo_leung_dfcfc2_0005,leung_dfcfc2_pin_3,,output_node_cap_ff,0.0,214.18269086206897,214.18269086206897,214.18269086206897
mean_baseline,leung_dfcfc2_pin_3__grpo_admission_batch_v3_20260822/grpo_leung_dfcfc2_0010,leung_dfcfc2_pin_3,,cap_count,129.0,91.86206896551724,-37.13793103448276,37.13793103448276
mean_baseline,leung_dfcfc2_pin_3__grpo_admission_batch_v3_20260822/grpo_leung_dfcfc2_0010,leung_dfcfc2_pin_3,,total_cap_ff,2365.25273,989.9657108620689,-1375.287019137931,1375.287019137931
mean_baseline,leung_dfcfc2_pin_3__grpo_admission_batch_v3_20260822/grpo_leung_dfcfc2_0010,leung_dfcfc2_pin_3,,output_node_cap_ff,0.0,214.18269086206897,214.18269086206897,214.18269086206897
mean_baseline,leung_dfcfc2_pin_3__grpo_admission_batch_v3_20260822/grpo_leung_dfcfc2_0011,leung_dfcfc2_pin_3,,cap_count,112.0,92.15517241379311,-19.84482758620689,19.84482758620689
mean_baseline,leung_dfcfc2_pin_3__grpo_admission_batch_v3_20260822/grpo_leung_dfcfc2_0011,leung_dfcfc2_pin_3,,total_cap_ff,1991.44623,996.4106505172414,-995.0355794827586,995.0355794827586
mean_baseline,leung_dfcfc2_pin_3__grpo_admission_batch_v3_20260822/grpo_leung_dfcfc2_0011,leung_dfcfc2_pin_3,,output_node_cap_ff,0.0,214.18269086206897,214.18269086206897,214.18269086206897
mean_baseline,leung_nmcf_pin_3:cand_0002,leung_nmcf_pin_3,,cap_count,115.0,92.10344827586206,-22.896551724137936,22.896551724137936
mean_baseline,leung_nmcf_pin_3:cand_0002,leung_nmcf_pin_3,,total_cap_ff,232.13717,1026.7435653448276,794.6063953448277,794.6063953448277
mean_baseline,leung_nmcf_pin_3:cand_0002,leung_nmcf_pin_3,,output_node_cap_ff,2.08856,214.14668120689655,212.05812120689654,212.05812120689654
mean_baseline,leung_nmcf_reproduction_sweep_20260818_v1/leung_repro_sweep_0000_baseline,leung_nmcf_pin_3,,cap_count,115.0,92.10344827586206,-22.896551724137936,22.896551724137936
mean_baseline,leung_nmcf_reproduction_sweep_20260818_v1/leung_repro_sweep_0000_baseline,leung_nmcf_pin_3,,total_cap_ff,232.13717,1026.7435653448276,794.6063953448277,794.6063953448277
mean_baseline,leung_nmcf_reproduction_sweep_20260818_v1/leung_repro_sweep_0000_baseline,leung_nmcf_pin_3,,output_node_cap_ff,10.30153,214.00507827586208,203.7035482758621,203.7035482758621
mean_baseline,leung_nmcf_reproduction_sweep_20260818_v1/leung_repro_sweep_0001_input_pair_w_mstep,leung_nmcf_pin_3,,cap_count,115.0,92.10344827586206,-22.896551724137936,22.896551724137936
mean_baseline,leung_nmcf_reproduction_sweep_20260818_v1/leung_repro_sweep_0001_input_pair_w_mstep,leung_nmcf_pin_3,,total_cap_ff,232.11217,1026.7439963793104,794.6318263793104,794.6318263793104
mean_baseline,leung_nmcf_reproduction_sweep_20260818_v1/leung_repro_sweep_0001_input_pair_w_mstep,leung_nmcf_pin_3,,output_node_cap_ff,10.30157,214.0050775862069,203.7035075862069,203.7035075862069
mean_baseline,leung_nmcf_reproduction_sweep_20260818_v1/leung_repro_sweep_0002_input_pair_w_pstep,leung_nmcf_pin_3,,cap_count,116.0,92.08620689655173,-23.91379310344827,23.91379310344827
mean_baseline,leung_nmcf_reproduction_sweep_20260818_v1/leung_repro_sweep_0002_input_pair_w_pstep,leung_nmcf_pin_3,,total_cap_ff,216.91159,1027.0060753448277,810.0944853448277,810.0944853448277
mean_baseline,leung_nmcf_reproduction_sweep_20260818_v1/leung_repro_sweep_0002_input_pair_w_pstep,leung_nmcf_pin_3,,output_node_cap_ff,11.47249,213.9848893103448,202.51239931034482,202.51239931034482
mean_baseline,leung_nmcf_reproduction_sweep_20260818_v1/leung_repro_sweep_0003_load2_nmos_w_pstep,leung_nmcf_pin_3,,cap_count,115.0,92.10344827586206,-22.896551724137936,22.896551724137936
mean_baseline,leung_nmcf_reproduction_sweep_20260818_v1/leung_repro_sweep_0003_load2_nmos_w_pstep,leung_nmcf_pin_3,,total_cap_ff,232.13655,1026.7435760344829,794.6070260344829,794.6070260344829
mean_baseline,leung_nmcf_reproduction_sweep_20260818_v1/leung_repro_sweep_0003_load2_nmos_w_pstep,leung_nmcf_pin_3,,output_node_cap_ff,10.30153,214.00507827586208,203.7035482758621,203.7035482758621
mean_baseline,leung_nmcnr_pin_3:cand_0001,leung_nmcnr_pin_3,,cap_count,118.0,92.05172413793103,-25.948275862068968,25.948275862068968
mean_baseline,leung_nmcnr_pin_3:cand_0001,leung_nmcnr_pin_3,,total_cap_ff,274.77841,1026.0083715517242,751.2299615517242,751.2299615517242
mean_baseline,leung_nmcnr_pin_3:cand_0001,leung_nmcnr_pin_3,,output_node_cap_ff,9.95174,214.01110913793102,204.05936913793101,204.05936913793101
mean_baseline,peng_acbc_pin_3:cand_0001,peng_acbc_pin_3,,cap_count,127.0,91.89655172413794,-35.103448275862064,35.103448275862064
mean_baseline,peng_acbc_pin_3:cand_0001,peng_acbc_pin_3,,total_cap_ff,251.96947,1026.401629137931,774.432159137931,774.432159137931
mean_baseline,peng_acbc_pin_3:cand_0001,peng_acbc_pin_3,,output_node_cap_ff,2.68355,214.13642275862068,211.45287275862069,211.45287275862069
mean_baseline,qu2017_azc_pin_3:cand_0001,qu2017_azc_pin_3,,cap_count,124.0,91.94827586206897,-32.05172413793103,32.05172413793103
mean_baseline,qu2017_azc_pin_3:cand_0001,qu2017_azc_pin_3,,total_cap_ff,162.41758,1027.9456272413793,865.5280472413792,865.5280472413792
mean_baseline,qu2017_azc_pin_3:cand_0001,qu2017_azc_pin_3,,output_node_cap_ff,1.67224,214.15385913793102,212.48161913793103,212.48161913793103
mean_baseline,ramos_pfc_pin_3:cand_0001,ramos_pfc_pin_3,,cap_count,114.0,92.12068965517241,-21.879310344827587,21.879310344827587
mean_baseline,ramos_pfc_pin_3:cand_0001,ramos_pfc_pin_3,,total_cap_ff,1758.0844,1000.4341303448275,-757.6502696551725,757.6502696551725
mean_baseline,ramos_pfc_pin_3:cand_0001,ramos_pfc_pin_3,,output_node_cap_ff,114.514,212.20831155172414,97.69431155172414,97.69431155172414
mean_baseline,sau_cfcc_pin_3:cand_0001,sau_cfcc_pin_3,,cap_count,99.0,92.37931034482759,-6.620689655172413,6.620689655172413
mean_baseline,sau_cfcc_pin_3:cand_0001,sau_cfcc_pin_3,,total_cap_ff,227.91273,1026.8164005172414,798.9036705172414,798.9036705172414
mean_baseline,sau_cfcc_pin_3:cand_0001,sau_cfcc_pin_3,,output_node_cap_ff,2.41469,214.14105827586206,211.72636827586206,211.72636827586206
mean_baseline,sau_cfcc_reproduction_sweep_20260818_v1/sau_repro_sweep_0000_baseline,sau_cfcc_pin_3,,cap_count,99.0,92.37931034482759,-6.620689655172413,6.620689655172413
mean_baseline,sau_cfcc_reproduction_sweep_20260818_v1/sau_repro_sweep_0000_baseline,sau_cfcc_pin_3,,total_cap_ff,227.91273,1026.8164005172414,798.9036705172414,798.9036705172414
mean_baseline,sau_cfcc_reproduction_sweep_20260818_v1/sau_repro_sweep_0000_baseline,sau_cfcc_pin_3,,output_node_cap_ff,11.69982,213.9809698275862,202.2811498275862,202.2811498275862
mean_baseline,sau_cfcc_reproduction_sweep_20260818_v1/sau_repro_sweep_0001_cap0_mstep,sau_cfcc_pin_3,,cap_count,99.0,92.37931034482759,-6.620689655172413,6.620689655172413
mean_baseline,sau_cfcc_reproduction_sweep_20260818_v1/sau_repro_sweep_0001_cap0_mstep,sau_cfcc_pin_3,,total_cap_ff,227.91273,1026.8164005172414,798.9036705172414,798.9036705172414
mean_baseline,sau_cfcc_reproduction_sweep_20260818_v1/sau_repro_sweep_0001_cap0_mstep,sau_cfcc_pin_3,,output_node_cap_ff,11.69982,213.9809698275862,202.2811498275862,202.2811498275862
mean_baseline,sau_cfcc_reproduction_sweep_20260818_v1/sau_repro_sweep_0002_gm1_pmos_w_pstep,sau_cfcc_pin_3,,cap_count,99.0,92.37931034482759,-6.620689655172413,6.620689655172413
mean_baseline,sau_cfcc_reproduction_sweep_20260818_v1/sau_repro_sweep_0002_gm1_pmos_w_pstep,sau_cfcc_pin_3,,total_cap_ff,227.93797,1026.8159653448276,798.8779953448277,798.8779953448277
mean_baseline,sau_cfcc_reproduction_sweep_20260818_v1/sau_repro_sweep_0002_gm1_pmos_w_pstep,sau_cfcc_pin_3,,output_node_cap_ff,11.69982,213.9809698275862,202.2811498275862,202.2811498275862
mean_baseline,sau_cfcc_reproduction_sweep_20260818_v1/sau_repro_sweep_0004_cap0_pstep,sau_cfcc_pin_3,,cap_count,99.0,92.37931034482759,-6.620689655172413,6.620689655172413
mean_baseline,sau_cfcc_reproduction_sweep_20260818_v1/sau_repro_sweep_0004_cap0_pstep,sau_cfcc_pin_3,,total_cap_ff,227.91273,1026.8164005172414,798.9036705172414,798.9036705172414
mean_baseline,sau_cfcc_reproduction_sweep_20260818_v1/sau_repro_sweep_0004_cap0_pstep,sau_cfcc_pin_3,,output_node_cap_ff,11.69982,213.9809698275862,202.2811498275862,202.2811498275862
mean_baseline,smcnr_se_2st_amp:cand_0001,smcnr_se_2st_amp,,cap_count,34.0,93.5,59.5,59.5
mean_baseline,smcnr_se_2st_amp:cand_0001,smcnr_se_2st_amp,,total_cap_ff,432.73855,1023.284920862069,590.5463708620691,590.5463708620691
mean_baseline,smcnr_se_2st_amp:cand_0001,smcnr_se_2st_amp,,output_node_cap_ff,172.429,211.2097770689655,38.780777068965506,38.780777068965506
mean_baseline,smcnr_se_2st_amp:smcnr_sizing_probe_0001,smcnr_se_2st_amp,,cap_count,33.0,93.51724137931035,60.51724137931035,60.51724137931035
mean_baseline,smcnr_se_2st_amp:smcnr_sizing_probe_0001,smcnr_se_2st_amp,,total_cap_ff,764.45058,1017.5657479310345,253.11516793103453,253.11516793103453
mean_baseline,smcnr_se_2st_amp:smcnr_sizing_probe_0001,smcnr_se_2st_amp,,output_node_cap_ff,645.62162,203.05128362068965,-442.57033637931033,442.57033637931033
mean_baseline,smcnr_se_2st_amp:smcnr_sizing_probe_0002,smcnr_se_2st_amp,,cap_count,32.0,93.53448275862068,61.53448275862068,61.53448275862068
mean_baseline,smcnr_se_2st_amp:smcnr_sizing_probe_0002,smcnr_se_2st_amp,,total_cap_ff,764.49118,1017.5650479310344,253.07386793103444,253.07386793103444
mean_baseline,smcnr_se_2st_amp:smcnr_sizing_probe_0002,smcnr_se_2st_amp,,output_node_cap_ff,645.71923,203.0496006896552,-442.6696293103448,442.6696293103448
mean_baseline,smcnr_sizing_sweep_20260817_v1/smcnr_sweep_0000_baseline,smcnr_se_2st_amp,,cap_count,33.0,93.51724137931035,60.51724137931035,60.51724137931035
mean_baseline,smcnr_sizing_sweep_20260817_v1/smcnr_sweep_0000_baseline,smcnr_se_2st_amp,,total_cap_ff,764.45058,1017.5657479310345,253.11516793103453,253.11516793103453
mean_baseline,smcnr_sizing_sweep_20260817_v1/smcnr_sweep_0000_baseline,smcnr_se_2st_amp,,output_node_cap_ff,645.62162,203.05128362068965,-442.57033637931033,442.57033637931033
mean_baseline,smcnr_sizing_sweep_20260817_v1/smcnr_sweep_0001_diff_pair_w_m5pct,smcnr_se_2st_amp,,cap_count,33.0,93.51724137931035,60.51724137931035,60.51724137931035
mean_baseline,smcnr_sizing_sweep_20260817_v1/smcnr_sweep_0001_diff_pair_w_m5pct,smcnr_se_2st_amp,,total_cap_ff,763.42667,1017.5834015517241,254.1567315517242,254.1567315517242
mean_baseline,smcnr_sizing_sweep_20260817_v1/smcnr_sweep_0001_diff_pair_w_m5pct,smcnr_se_2st_amp,,output_node_cap_ff,645.54552,203.05259568965516,-442.49292431034485,442.49292431034485
mean_baseline,smcnr_sizing_sweep_20260817_v1/smcnr_sweep_0002_diff_pair_w_p5pct,smcnr_se_2st_amp,,cap_count,33.0,93.51724137931035,60.51724137931035,60.51724137931035
mean_baseline,smcnr_sizing_sweep_20260817_v1/smcnr_sweep_0002_diff_pair_w_p5pct,smcnr_se_2st_amp,,total_cap_ff,765.46556,1017.5482482758621,252.0826882758621,252.0826882758621
mean_baseline,smcnr_sizing_sweep_20260817_v1/smcnr_sweep_0002_diff_pair_w_p5pct,smcnr_se_2st_amp,,output_node_cap_ff,645.69675,203.04998827586206,-442.6467617241379,442.6467617241379
mean_baseline,smcnr_sizing_sweep_20260817_v1/smcnr_sweep_0003_load_nmos_w_mstep,smcnr_se_2st_amp,,cap_count,33.0,93.51724137931035,60.51724137931035,60.51724137931035
mean_baseline,smcnr_sizing_sweep_20260817_v1/smcnr_sweep_0003_load_nmos_w_mstep,smcnr_se_2st_amp,,total_cap_ff,764.47736,1017.5652862068965,253.08792620689655,253.08792620689655
mean_baseline,smcnr_sizing_sweep_20260817_v1/smcnr_sweep_0003_load_nmos_w_mstep,smcnr_se_2st_amp,,output_node_cap_ff,645.51523,203.05311793103448,-442.4621120689655,442.4621120689655
mean_baseline,smcnr_sizing_sweep_20260817_v1/smcnr_sweep_0004_load_nmos_w_pstep,smcnr_se_2st_amp,,cap_count,32.0,93.53448275862068,61.53448275862068,61.53448275862068
mean_baseline,smcnr_sizing_sweep_20260817_v1/smcnr_sweep_0004_load_nmos_w_pstep,smcnr_se_2st_amp,,total_cap_ff,764.49436,1017.5649931034483,253.07063310344824,253.07063310344824
mean_baseline,smcnr_sizing_sweep_20260817_v1/smcnr_sweep_0004_load_nmos_w_pstep,smcnr_se_2st_amp,,output_node_cap_ff,645.71805,203.04962103448275,-442.6684289655172,442.6684289655172
mean_baseline,smcnr_sizing_sweep_20260817_v1/smcnr_sweep_0005_second_stage_pmos_w_p5pct,smcnr_se_2st_amp,,cap_count,33.0,93.51724137931035,60.51724137931035,60.51724137931035
mean_baseline,smcnr_sizing_sweep_20260817_v1/smcnr_sweep_0005_second_stage_pmos_w_p5pct,smcnr_se_2st_amp,,total_cap_ff,764.57809,1017.5635494827586,252.98545948275864,252.98545948275864
mean_baseline,smcnr_sizing_sweep_20260817_v1/smcnr_sweep_0005_second_stage_pmos_w_p5pct,smcnr_se_2st_amp,,output_node_cap_ff,645.69652,203.0499922413793,-442.64652775862066,442.64652775862066
mean_baseline,smcnr_sizing_sweep_20260817_v1/smcnr_sweep_0006_second_stage_pmos_w_p10pct,smcnr_se_2st_amp,,cap_count,33.0,93.51724137931035,60.51724137931035,60.51724137931035
mean_baseline,smcnr_sizing_sweep_20260817_v1/smcnr_sweep_0006_second_stage_pmos_w_p10pct,smcnr_se_2st_amp,,total_cap_ff,764.70333,1017.5613901724138,252.85806017241373,252.85806017241373
mean_baseline,smcnr_sizing_sweep_20260817_v1/smcnr_sweep_0006_second_stage_pmos_w_p10pct,smcnr_se_2st_amp,,output_node_cap_ff,645.7717,203.04869603448276,-442.72300396551725,442.72300396551725
mean_baseline,smcnr_sizing_sweep_20260817_v1/smcnr_sweep_0007_second_stage_nmos_w_p5pct,smcnr_se_2st_amp,,cap_count,32.0,93.53448275862068,61.53448275862068,61.53448275862068
mean_baseline,smcnr_sizing_sweep_20260817_v1/smcnr_sweep_0007_second_stage_nmos_w_p5pct,smcnr_se_2st_amp,,total_cap_ff,763.63822,1017.5797541379311,253.94153413793106,253.94153413793106
mean_baseline,smcnr_sizing_sweep_20260817_v1/smcnr_sweep_0007_second_stage_nmos_w_p5pct,smcnr_se_2st_amp,,output_node_cap_ff,644.98095,203.06232965517242,-441.91862034482756,441.91862034482756
mean_baseline,smcnr_sizing_sweep_combo_20260817_v1/smcnr_combo_0008_diff_m_load_m,smcnr_se_2st_amp,,cap_count,33.0,93.51724137931035,60.51724137931035,60.51724137931035
mean_baseline,smcnr_sizing_sweep_combo_20260817_v1/smcnr_combo_0008_diff_m_load_m,smcnr_se_2st_amp,,total_cap_ff,763.45471,1017.5829181034483,254.1282081034483,254.1282081034483
mean_baseline,smcnr_sizing_sweep_combo_20260817_v1/smcnr_combo_0008_diff_m_load_m,smcnr_se_2st_amp,,output_node_cap_ff,645.43913,203.05443000000002,-442.38469999999995,442.38469999999995
mean_baseline,smcnr_sizing_sweep_combo_20260817_v1/smcnr_combo_0009_diff_m_load_p,smcnr_se_2st_amp,,cap_count,32.0,93.53448275862068,61.53448275862068,61.53448275862068
mean_baseline,smcnr_sizing_sweep_combo_20260817_v1/smcnr_combo_0009_diff_m_load_p,smcnr_se_2st_amp,,total_cap_ff,763.47053,1017.5826453448276,254.11211534482754,254.11211534482754
mean_baseline,smcnr_sizing_sweep_combo_20260817_v1/smcnr_combo_0009_diff_m_load_p,smcnr_se_2st_amp,,output_node_cap_ff,645.64185,203.0509348275862,-442.5909151724138,442.5909151724138
mean_baseline,smcnr_sizing_sweep_combo_20260817_v1/smcnr_combo_0010_diff_p_load_m,smcnr_se_2st_amp,,cap_count,33.0,93.51724137931035,60.51724137931035,60.51724137931035
mean_baseline,smcnr_sizing_sweep_combo_20260817_v1/smcnr_combo_0010_diff_p_load_m,smcnr_se_2st_amp,,total_cap_ff,765.49032,1017.5478213793103,252.05750137931034,252.05750137931034
mean_baseline,smcnr_sizing_sweep_combo_20260817_v1/smcnr_combo_0010_diff_p_load_m,smcnr_se_2st_amp,,output_node_cap_ff,645.59025,203.05182448275863,-442.5384255172413,442.5384255172413
mean_baseline,smcnr_sizing_sweep_combo_20260817_v1/smcnr_combo_0011_diff_p_load_p,smcnr_se_2st_amp,,cap_count,32.0,93.53448275862068,61.53448275862068,61.53448275862068
mean_baseline,smcnr_sizing_sweep_combo_20260817_v1/smcnr_combo_0011_diff_p_load_p,smcnr_se_2st_amp,,total_cap_ff,765.51024,1017.5474779310345,252.0372379310345,252.0372379310345
mean_baseline,smcnr_sizing_sweep_combo_20260817_v1/smcnr_combo_0011_diff_p_load_p,smcnr_se_2st_amp,,output_node_cap_ff,645.79409,203.04831000000001,-442.74577999999997,442.74577999999997
mean_baseline,smcnr_sizing_sweep_combo_20260817_v1/smcnr_combo_0012_diff_p_pmos_p5,smcnr_se_2st_amp,,cap_count,33.0,93.51724137931035,60.51724137931035,60.51724137931035
mean_baseline,smcnr_sizing_sweep_combo_20260817_v1/smcnr_combo_0012_diff_p_pmos_p5,smcnr_se_2st_amp,,total_cap_ff,765.59308,1017.5460496551724,251.9529696551724,251.9529696551724
mean_baseline,smcnr_sizing_sweep_combo_20260817_v1/smcnr_combo_0012_diff_p_pmos_p5,smcnr_se_2st_amp,,output_node_cap_ff,645.77166,203.04869672413793,-442.72296327586207,442.72296327586207
mean_baseline,smcnr_sizing_sweep_combo_20260817_v1/smcnr_combo_0013_diff_m_pmos_p10,smcnr_se_2st_amp,,cap_count,33.0,93.51724137931035,60.51724137931035,60.51724137931035
mean_baseline,smcnr_sizing_sweep_combo_20260817_v1/smcnr_combo_0013_diff_m_pmos_p10,smcnr_se_2st_amp,,total_cap_ff,763.6796,1017.5790406896551,253.89944068965508,253.89944068965508
mean_baseline,smcnr_sizing_sweep_combo_20260817_v1/smcnr_combo_0013_diff_m_pmos_p10,smcnr_se_2st_amp,,output_node_cap_ff,645.69559,203.05000827586207,-442.64558172413797,442.64558172413797
mean_baseline,smcnr_sizing_sweep_combo_20260817_v1/smcnr_combo_0014_load_p_nmos_p5,smcnr_se_2st_amp,,cap_count,32.0,93.53448275862068,61.53448275862068,61.53448275862068
mean_baseline,smcnr_sizing_sweep_combo_20260817_v1/smcnr_combo_0014_load_p_nmos_p5,smcnr_se_2st_amp,,total_cap_ff,763.67029,1017.5792012068966,253.90891120689662,253.90891120689662
mean_baseline,smcnr_sizing_sweep_combo_20260817_v1/smcnr_combo_0014_load_p_nmos_p5,smcnr_se_2st_amp,,output_node_cap_ff,645.06645,203.06085551724138,-442.0055944827586,442.0055944827586
mean_baseline,smcnr_sizing_sweep_combo_20260817_v1/smcnr_combo_0015_pmos_p10_nmos_p5,smcnr_se_2st_amp,,cap_count,32.0,93.53448275862068,61.53448275862068,61.53448275862068
mean_baseline,smcnr_sizing_sweep_combo_20260817_v1/smcnr_combo_0015_pmos_p10_nmos_p5,smcnr_se_2st_amp,,total_cap_ff,763.88934,1017.5754244827586,253.6860844827587,253.6860844827587
mean_baseline,smcnr_sizing_sweep_combo_20260817_v1/smcnr_combo_0015_pmos_p10_nmos_p5,smcnr_se_2st_amp,,output_node_cap_ff,645.13088,203.05974465517244,-442.0711353448276,442.0711353448276
mean_baseline,tan_clia_pin_3:cand_0001,tan_clia_pin_3,,cap_count,130.0,91.84482758620689,-38.15517241379311,38.15517241379311
mean_baseline,tan_clia_pin_3:cand_0001,tan_clia_pin_3,,total_cap_ff,134.28059,1028.4307477586208,894.1501577586208,894.1501577586208
mean_baseline,tan_clia_pin_3:cand_0001,tan_clia_pin_3,,output_node_cap_ff,3.27131,214.12628896551723,210.85497896551723,210.85497896551723
mean_baseline,yan_az_pin_3:cand_0001,yan_az_pin_3,,cap_count,114.0,92.12068965517241,-21.879310344827587,21.879310344827587
mean_baseline,yan_az_pin_3:cand_0001,yan_az_pin_3,,total_cap_ff,135.3599,1028.4121389655172,893.0522389655172,893.0522389655172
mean_baseline,yan_az_pin_3:cand_0001,yan_az_pin_3,,output_node_cap_ff,2.52636,214.13913293103448,211.61277293103447,211.61277293103447
nearest_neighbor,alfio_raffc_pin_3:cand_0001,alfio_raffc_pin_3,alfio_raffc_reproduction_sweep_20260818_v1/alfio_repro_sweep_0000_baseline,cap_count,130.0,130.0,0.0,0.0
nearest_neighbor,alfio_raffc_pin_3:cand_0001,alfio_raffc_pin_3,alfio_raffc_reproduction_sweep_20260818_v1/alfio_repro_sweep_0000_baseline,total_cap_ff,99.32308,99.32308,0.0,0.0
nearest_neighbor,alfio_raffc_pin_3:cand_0001,alfio_raffc_pin_3,alfio_raffc_reproduction_sweep_20260818_v1/alfio_repro_sweep_0000_baseline,output_node_cap_ff,0.80601,11.83896,11.03295,11.03295
nearest_neighbor,alfio_raffc_reproduction_sweep_20260818_v1/alfio_repro_sweep_0000_baseline,alfio_raffc_pin_3,alfio_raffc_pin_3:cand_0001,cap_count,130.0,130.0,0.0,0.0
nearest_neighbor,alfio_raffc_reproduction_sweep_20260818_v1/alfio_repro_sweep_0000_baseline,alfio_raffc_pin_3,alfio_raffc_pin_3:cand_0001,total_cap_ff,99.32308,99.32308,0.0,0.0
nearest_neighbor,alfio_raffc_reproduction_sweep_20260818_v1/alfio_repro_sweep_0000_baseline,alfio_raffc_pin_3,alfio_raffc_pin_3:cand_0001,output_node_cap_ff,11.83896,0.80601,-11.03295,11.03295
nearest_neighbor,alfio_raffc_reproduction_sweep_20260818_v1/alfio_repro_sweep_0001_gm1_pmos_w_pstep,alfio_raffc_pin_3,alfio_raffc_pin_3:cand_0001,cap_count,130.0,130.0,0.0,0.0
nearest_neighbor,alfio_raffc_reproduction_sweep_20260818_v1/alfio_repro_sweep_0001_gm1_pmos_w_pstep,alfio_raffc_pin_3,alfio_raffc_pin_3:cand_0001,total_cap_ff,99.45836,99.32308,-0.13527999999999452,0.13527999999999452
nearest_neighbor,alfio_raffc_reproduction_sweep_20260818_v1/alfio_repro_sweep_0001_gm1_pmos_w_pstep,alfio_raffc_pin_3,alfio_raffc_pin_3:cand_0001,output_node_cap_ff,11.844560000000003,0.80601,-11.038550000000003,11.038550000000003
nearest_neighbor,alfio_raffc_reproduction_sweep_20260818_v1/alfio_repro_sweep_0002_gm2_pmos_w_pstep,alfio_raffc_pin_3,fan_smc_reproduction_sweep_20260817_v1/fan_repro_sweep_0002_input_pair_w_pstep,cap_count,126.0,121.0,-5.0,5.0
nearest_neighbor,alfio_raffc_reproduction_sweep_20260818_v1/alfio_repro_sweep_0002_gm2_pmos_w_pstep,alfio_raffc_pin_3,fan_smc_reproduction_sweep_20260817_v1/fan_repro_sweep_0002_input_pair_w_pstep,total_cap_ff,99.23916,532.59027,433.35111000000006,433.35111000000006
nearest_neighbor,alfio_raffc_reproduction_sweep_20260818_v1/alfio_repro_sweep_0002_gm2_pmos_w_pstep,alfio_raffc_pin_3,fan_smc_reproduction_sweep_20260817_v1/fan_repro_sweep_0002_input_pair_w_pstep,output_node_cap_ff,11.64657,40.50775,28.86118,28.86118
nearest_neighbor,alfio_raffc_reproduction_sweep_20260818_v1/alfio_repro_sweep_0003_gmb_nmos_w_pstep,alfio_raffc_pin_3,alfio_raffc_pin_3:cand_0001,cap_count,128.0,130.0,2.0,2.0
nearest_neighbor,alfio_raffc_reproduction_sweep_20260818_v1/alfio_repro_sweep_0003_gmb_nmos_w_pstep,alfio_raffc_pin_3,alfio_raffc_pin_3:cand_0001,total_cap_ff,103.41121,99.32308,-4.0881299999999925,4.0881299999999925
nearest_neighbor,alfio_raffc_reproduction_sweep_20260818_v1/alfio_repro_sweep_0003_gmb_nmos_w_pstep,alfio_raffc_pin_3,alfio_raffc_pin_3:cand_0001,output_node_cap_ff,11.84383,0.80601,-11.03782,11.03782
nearest_neighbor,fan_smc_pin_3:cand_0008,fan_smc_pin_3,fan_smc_reproduction_sweep_20260817_v1/fan_repro_sweep_0000_baseline,cap_count,115.0,115.0,0.0,0.0
nearest_neighbor,fan_smc_pin_3:cand_0008,fan_smc_pin_3,fan_smc_reproduction_sweep_20260817_v1/fan_repro_sweep_0000_baseline,total_cap_ff,520.84706,520.84706,0.0,0.0
nearest_neighbor,fan_smc_pin_3:cand_0008,fan_smc_pin_3,fan_smc_reproduction_sweep_20260817_v1/fan_repro_sweep_0000_baseline,output_node_cap_ff,11.9045,40.15012,28.245620000000002,28.245620000000002
nearest_neighbor,fan_smc_reproduction_sweep_20260817_v1/fan_repro_sweep_0000_baseline,fan_smc_pin_3,fan_smc_pin_3:cand_0008,cap_count,115.0,115.0,0.0,0.0
nearest_neighbor,fan_smc_reproduction_sweep_20260817_v1/fan_repro_sweep_0000_baseline,fan_smc_pin_3,fan_smc_pin_3:cand_0008,total_cap_ff,520.84706,520.84706,0.0,0.0
nearest_neighbor,fan_smc_reproduction_sweep_20260817_v1/fan_repro_sweep_0000_baseline,fan_smc_pin_3,fan_smc_pin_3:cand_0008,output_node_cap_ff,40.15012,11.9045,-28.245620000000002,28.245620000000002
nearest_neighbor,fan_smc_reproduction_sweep_20260817_v1/fan_repro_sweep_0001_input_pair_w_mstep,fan_smc_pin_3,fan_smc_pin_3:cand_0008,cap_count,115.0,115.0,0.0,0.0
nearest_neighbor,fan_smc_reproduction_sweep_20260817_v1/fan_repro_sweep_0001_input_pair_w_mstep,fan_smc_pin_3,fan_smc_pin_3:cand_0008,total_cap_ff,520.80192,520.84706,0.045140000000060354,0.045140000000060354
nearest_neighbor,fan_smc_reproduction_sweep_20260817_v1/fan_repro_sweep_0001_input_pair_w_mstep,fan_smc_pin_3,fan_smc_pin_3:cand_0008,output_node_cap_ff,40.15012,11.9045,-28.245620000000002,28.245620000000002
nearest_neighbor,fan_smc_reproduction_sweep_20260817_v1/fan_repro_sweep_0002_input_pair_w_pstep,fan_smc_pin_3,leung_nmcnr_pin_3:cand_0001,cap_count,121.0,118.0,-3.0,3.0
nearest_neighbor,fan_smc_reproduction_sweep_20260817_v1/fan_repro_sweep_0002_input_pair_w_pstep,fan_smc_pin_3,leung_nmcnr_pin_3:cand_0001,total_cap_ff,532.59027,274.77841,-257.81186,257.81186
nearest_neighbor,fan_smc_reproduction_sweep_20260817_v1/fan_repro_sweep_0002_input_pair_w_pstep,fan_smc_pin_3,leung_nmcnr_pin_3:cand_0001,output_node_cap_ff,40.50775,9.95174,-30.55601,30.55601
nearest_neighbor,fan_smc_reproduction_sweep_20260817_v1/fan_repro_sweep_0003_load2_nmos_w_pstep,fan_smc_pin_3,fan_smc_pin_3:cand_0008,cap_count,115.0,115.0,0.0,0.0
nearest_neighbor,fan_smc_reproduction_sweep_20260817_v1/fan_repro_sweep_0003_load2_nmos_w_pstep,fan_smc_pin_3,fan_smc_pin_3:cand_0008,total_cap_ff,520.83408,520.84706,0.012980000000084146,0.012980000000084146
nearest_neighbor,fan_smc_reproduction_sweep_20260817_v1/fan_repro_sweep_0003_load2_nmos_w_pstep,fan_smc_pin_3,fan_smc_pin_3:cand_0008,output_node_cap_ff,40.15012,11.9045,-28.245620000000002,28.245620000000002
nearest_neighbor,grpo_admission_20260821_analoggym_contract_v1/grpo_leung_dfcfc2_0001,leung_dfcfc2_pin_3,leung_dfcfc2_pin_3__grpo_admission_batch_v3_20260822/grpo_leung_dfcfc2_0005,cap_count,131.0,135.0,4.0,4.0
nearest_neighbor,grpo_admission_20260821_analoggym_contract_v1/grpo_leung_dfcfc2_0001,leung_dfcfc2_pin_3,leung_dfcfc2_pin_3__grpo_admission_batch_v3_20260822/grpo_leung_dfcfc2_0005,total_cap_ff,1557.8,3351.97493,1794.17493,1794.17493
nearest_neighbor,grpo_admission_20260821_analoggym_contract_v1/grpo_leung_dfcfc2_0001,leung_dfcfc2_pin_3,leung_dfcfc2_pin_3__grpo_admission_batch_v3_20260822/grpo_leung_dfcfc2_0005,output_node_cap_ff,0.0,0.0,0.0,0.0
nearest_neighbor,grpo_admission_20260821_analoggym_contract_v1/grpo_leung_dfcfc2_0006,leung_dfcfc2_pin_3,tan_clia_pin_3:cand_0001,cap_count,151.0,130.0,-21.0,21.0
nearest_neighbor,grpo_admission_20260821_analoggym_contract_v1/grpo_leung_dfcfc2_0006,leung_dfcfc2_pin_3,tan_clia_pin_3:cand_0001,total_cap_ff,5698.66,134.28059,-5564.37941,5564.37941
nearest_neighbor,grpo_admission_20260821_analoggym_contract_v1/grpo_leung_dfcfc2_0006,leung_dfcfc2_pin_3,tan_clia_pin_3:cand_0001,output_node_cap_ff,0.0,3.27131,3.27131,3.27131
nearest_neighbor,grpo_to_pcs_admission_smoke_v1/grpo_leung_dfcfc2_0000,leung_dfcfc2_pin_3,leung_dfcfc2_pin_3__grpo_admission_batch_v3_20260822/grpo_leung_dfcfc2_0010,cap_count,134.0,129.0,-5.0,5.0
nearest_neighbor,grpo_to_pcs_admission_smoke_v1/grpo_leung_dfcfc2_0000,leung_dfcfc2_pin_3,leung_dfcfc2_pin_3__grpo_admission_batch_v3_20260822/grpo_leung_dfcfc2_0010,total_cap_ff,3999.37,2365.25273,-1634.1172699999997,1634.1172699999997
nearest_neighbor,grpo_to_pcs_admission_smoke_v1/grpo_leung_dfcfc2_0000,leung_dfcfc2_pin_3,leung_dfcfc2_pin_3__grpo_admission_batch_v3_20260822/grpo_leung_dfcfc2_0010,output_node_cap_ff,0.0,0.0,0.0,0.0
nearest_neighbor,grpo_to_pcs_admission_smoke_v1/grpo_leung_dfcfc2_0001,leung_dfcfc2_pin_3,peng_acbc_pin_3:cand_0001,cap_count,127.0,127.0,0.0,0.0
nearest_neighbor,grpo_to_pcs_admission_smoke_v1/grpo_leung_dfcfc2_0001,leung_dfcfc2_pin_3,peng_acbc_pin_3:cand_0001,total_cap_ff,3169.88,251.96947,-2917.91053,2917.91053
nearest_neighbor,grpo_to_pcs_admission_smoke_v1/grpo_leung_dfcfc2_0001,leung_dfcfc2_pin_3,peng_acbc_pin_3:cand_0001,output_node_cap_ff,0.0,2.68355,2.68355,2.68355
nearest_neighbor,hoilee_affc_pin_3:cand_0001,hoilee_affc_pin_3,leung_dfcfc1_pin_3:cand_0001,cap_count,156.0,142.0,-14.0,14.0
nearest_neighbor,hoilee_affc_pin_3:cand_0001,hoilee_affc_pin_3,leung_dfcfc1_pin_3:cand_0001,total_cap_ff,272.48469,1351.17155,1078.68686,1078.68686
nearest_neighbor,hoilee_affc_pin_3:cand_0001,hoilee_affc_pin_3,leung_dfcfc1_pin_3:cand_0001,output_node_cap_ff,2.15939,173.143,170.98361,170.98361
nearest_neighbor,leung_dfcfc1_pin_3:cand_0001,leung_dfcfc1_pin_3,alfio_raffc_pin_3:cand_0001,cap_count,142.0,130.0,-12.0,12.0
nearest_neighbor,leung_dfcfc1_pin_3:cand_0001,leung_dfcfc1_pin_3,alfio_raffc_pin_3:cand_0001,total_cap_ff,1351.17155,99.32308,-1251.84847,1251.84847
nearest_neighbor,leung_dfcfc1_pin_3:cand_0001,leung_dfcfc1_pin_3,alfio_raffc_pin_3:cand_0001,output_node_cap_ff,173.143,0.80601,-172.33699000000001,172.33699000000001
nearest_neighbor,leung_dfcfc2_pin_3:cand_0001,leung_dfcfc2_pin_3,leung_dfcfc2_pin_3__grpo_admission_batch_v2_20260822/grpo_leung_dfcfc2_0008,cap_count,106.0,112.0,6.0,6.0
nearest_neighbor,leung_dfcfc2_pin_3:cand_0001,leung_dfcfc2_pin_3,leung_dfcfc2_pin_3__grpo_admission_batch_v2_20260822/grpo_leung_dfcfc2_0008,total_cap_ff,513.11719,5781.05423,5267.93704,5267.93704
nearest_neighbor,leung_dfcfc2_pin_3:cand_0001,leung_dfcfc2_pin_3,leung_dfcfc2_pin_3__grpo_admission_batch_v2_20260822/grpo_leung_dfcfc2_0008,output_node_cap_ff,5.7062,0.0,-5.7062,5.7062
nearest_neighbor,leung_dfcfc2_pin_3__grpo_admission_batch_v2_20260822/grpo_leung_dfcfc2_0000,leung_dfcfc2_pin_3,grpo_to_pcs_admission_smoke_v1/grpo_leung_dfcfc2_0001,cap_count,131.0,127.0,-4.0,4.0
nearest_neighbor,leung_dfcfc2_pin_3__grpo_admission_batch_v2_20260822/grpo_leung_dfcfc2_0000,leung_dfcfc2_pin_3,grpo_to_pcs_admission_smoke_v1/grpo_leung_dfcfc2_0001,total_cap_ff,1762.34211,3169.88,1407.53789,1407.53789
nearest_neighbor,leung_dfcfc2_pin_3__grpo_admission_batch_v2_20260822/grpo_leung_dfcfc2_0000,leung_dfcfc2_pin_3,grpo_to_pcs_admission_smoke_v1/grpo_leung_dfcfc2_0001,output_node_cap_ff,0.0,0.0,0.0,0.0
nearest_neighbor,leung_dfcfc2_pin_3__grpo_admission_batch_v2_20260822/grpo_leung_dfcfc2_0008,leung_dfcfc2_pin_3,leung_dfcfc2_pin_3__grpo_admission_batch_v3_20260822/grpo_leung_dfcfc2_0002,cap_count,112.0,118.0,6.0,6.0
nearest_neighbor,leung_dfcfc2_pin_3__grpo_admission_batch_v2_20260822/grpo_leung_dfcfc2_0008,leung_dfcfc2_pin_3,leung_dfcfc2_pin_3__grpo_admission_batch_v3_20260822/grpo_leung_dfcfc2_0002,total_cap_ff,5781.05423,2001.61333,-3779.4408999999996,3779.4408999999996
nearest_neighbor,leung_dfcfc2_pin_3__grpo_admission_batch_v2_20260822/grpo_leung_dfcfc2_0008,leung_dfcfc2_pin_3,leung_dfcfc2_pin_3__grpo_admission_batch_v3_20260822/grpo_leung_dfcfc2_0002,output_node_cap_ff,0.0,0.0,0.0,0.0
nearest_neighbor,leung_dfcfc2_pin_3__grpo_admission_batch_v2_20260822/grpo_leung_dfcfc2_0011,leung_dfcfc2_pin_3,leung_dfcfc2_pin_3__grpo_admission_batch_v2_20260822/grpo_leung_dfcfc2_0000,cap_count,129.0,131.0,2.0,2.0
nearest_neighbor,leung_dfcfc2_pin_3__grpo_admission_batch_v2_20260822/grpo_leung_dfcfc2_0011,leung_dfcfc2_pin_3,leung_dfcfc2_pin_3__grpo_admission_batch_v2_20260822/grpo_leung_dfcfc2_0000,total_cap_ff,3656.83521,1762.34211,-1894.4931000000001,1894.4931000000001
nearest_neighbor,leung_dfcfc2_pin_3__grpo_admission_batch_v2_20260822/grpo_leung_dfcfc2_0011,leung_dfcfc2_pin_3,leung_dfcfc2_pin_3__grpo_admission_batch_v2_20260822/grpo_leung_dfcfc2_0000,output_node_cap_ff,0.0,0.0,0.0,0.0
nearest_neighbor,leung_dfcfc2_pin_3__grpo_admission_batch_v3_20260822/grpo_leung_dfcfc2_0002,leung_dfcfc2_pin_3,leung_dfcfc2_pin_3__grpo_admission_batch_v2_20260822/grpo_leung_dfcfc2_0008,cap_count,118.0,112.0,-6.0,6.0
nearest_neighbor,leung_dfcfc2_pin_3__grpo_admission_batch_v3_20260822/grpo_leung_dfcfc2_0002,leung_dfcfc2_pin_3,leung_dfcfc2_pin_3__grpo_admission_batch_v2_20260822/grpo_leung_dfcfc2_0008,total_cap_ff,2001.61333,5781.05423,3779.4408999999996,3779.4408999999996
nearest_neighbor,leung_dfcfc2_pin_3__grpo_admission_batch_v3_20260822/grpo_leung_dfcfc2_0002,leung_dfcfc2_pin_3,leung_dfcfc2_pin_3__grpo_admission_batch_v2_20260822/grpo_leung_dfcfc2_0008,output_node_cap_ff,0.0,0.0,0.0,0.0
nearest_neighbor,leung_dfcfc2_pin_3__grpo_admission_batch_v3_20260822/grpo_leung_dfcfc2_0005,leung_dfcfc2_pin_3,grpo_admission_20260821_analoggym_contract_v1/grpo_leung_dfcfc2_0001,cap_count,135.0,131.0,-4.0,4.0
nearest_neighbor,leung_dfcfc2_pin_3__grpo_admission_batch_v3_20260822/grpo_leung_dfcfc2_0005,leung_dfcfc2_pin_3,grpo_admission_20260821_analoggym_contract_v1/grpo_leung_dfcfc2_0001,total_cap_ff,3351.97493,1557.8,-1794.17493,1794.17493
nearest_neighbor,leung_dfcfc2_pin_3__grpo_admission_batch_v3_20260822/grpo_leung_dfcfc2_0005,leung_dfcfc2_pin_3,grpo_admission_20260821_analoggym_contract_v1/grpo_leung_dfcfc2_0001,output_node_cap_ff,0.0,0.0,0.0,0.0
nearest_neighbor,leung_dfcfc2_pin_3__grpo_admission_batch_v3_20260822/grpo_leung_dfcfc2_0010,leung_dfcfc2_pin_3,grpo_to_pcs_admission_smoke_v1/grpo_leung_dfcfc2_0000,cap_count,129.0,134.0,5.0,5.0
nearest_neighbor,leung_dfcfc2_pin_3__grpo_admission_batch_v3_20260822/grpo_leung_dfcfc2_0010,leung_dfcfc2_pin_3,grpo_to_pcs_admission_smoke_v1/grpo_leung_dfcfc2_0000,total_cap_ff,2365.25273,3999.37,1634.1172699999997,1634.1172699999997
nearest_neighbor,leung_dfcfc2_pin_3__grpo_admission_batch_v3_20260822/grpo_leung_dfcfc2_0010,leung_dfcfc2_pin_3,grpo_to_pcs_admission_smoke_v1/grpo_leung_dfcfc2_0000,output_node_cap_ff,0.0,0.0,0.0,0.0
nearest_neighbor,leung_dfcfc2_pin_3__grpo_admission_batch_v3_20260822/grpo_leung_dfcfc2_0011,leung_dfcfc2_pin_3,yan_az_pin_3:cand_0001,cap_count,112.0,114.0,2.0,2.0
nearest_neighbor,leung_dfcfc2_pin_3__grpo_admission_batch_v3_20260822/grpo_leung_dfcfc2_0011,leung_dfcfc2_pin_3,yan_az_pin_3:cand_0001,total_cap_ff,1991.44623,135.3599,-1856.08633,1856.08633
nearest_neighbor,leung_dfcfc2_pin_3__grpo_admission_batch_v3_20260822/grpo_leung_dfcfc2_0011,leung_dfcfc2_pin_3,yan_az_pin_3:cand_0001,output_node_cap_ff,0.0,2.52636,2.52636,2.52636
nearest_neighbor,leung_nmcf_pin_3:cand_0002,leung_nmcf_pin_3,leung_nmcf_reproduction_sweep_20260818_v1/leung_repro_sweep_0000_baseline,cap_count,115.0,115.0,0.0,0.0
nearest_neighbor,leung_nmcf_pin_3:cand_0002,leung_nmcf_pin_3,leung_nmcf_reproduction_sweep_20260818_v1/leung_repro_sweep_0000_baseline,total_cap_ff,232.13717,232.13717,0.0,0.0
nearest_neighbor,leung_nmcf_pin_3:cand_0002,leung_nmcf_pin_3,leung_nmcf_reproduction_sweep_20260818_v1/leung_repro_sweep_0000_baseline,output_node_cap_ff,2.08856,10.30153,8.212969999999999,8.212969999999999
nearest_neighbor,leung_nmcf_reproduction_sweep_20260818_v1/leung_repro_sweep_0000_baseline,leung_nmcf_pin_3,leung_nmcf_pin_3:cand_0002,cap_count,115.0,115.0,0.0,0.0
nearest_neighbor,leung_nmcf_reproduction_sweep_20260818_v1/leung_repro_sweep_0000_baseline,leung_nmcf_pin_3,leung_nmcf_pin_3:cand_0002,total_cap_ff,232.13717,232.13717,0.0,0.0
nearest_neighbor,leung_nmcf_reproduction_sweep_20260818_v1/leung_repro_sweep_0000_baseline,leung_nmcf_pin_3,leung_nmcf_pin_3:cand_0002,output_node_cap_ff,10.30153,2.08856,-8.212969999999999,8.212969999999999
nearest_neighbor,leung_nmcf_reproduction_sweep_20260818_v1/leung_repro_sweep_0001_input_pair_w_mstep,leung_nmcf_pin_3,leung_nmcf_pin_3:cand_0002,cap_count,115.0,115.0,0.0,0.0
nearest_neighbor,leung_nmcf_reproduction_sweep_20260818_v1/leung_repro_sweep_0001_input_pair_w_mstep,leung_nmcf_pin_3,leung_nmcf_pin_3:cand_0002,total_cap_ff,232.11217,232.13717,0.025000000000005684,0.025000000000005684
nearest_neighbor,leung_nmcf_reproduction_sweep_20260818_v1/leung_repro_sweep_0001_input_pair_w_mstep,leung_nmcf_pin_3,leung_nmcf_pin_3:cand_0002,output_node_cap_ff,10.30157,2.08856,-8.21301,8.21301
nearest_neighbor,leung_nmcf_reproduction_sweep_20260818_v1/leung_repro_sweep_0002_input_pair_w_pstep,leung_nmcf_pin_3,leung_nmcnr_pin_3:cand_0001,cap_count,116.0,118.0,2.0,2.0
nearest_neighbor,leung_nmcf_reproduction_sweep_20260818_v1/leung_repro_sweep_0002_input_pair_w_pstep,leung_nmcf_pin_3,leung_nmcnr_pin_3:cand_0001,total_cap_ff,216.91159,274.77841,57.86682000000002,57.86682000000002
nearest_neighbor,leung_nmcf_reproduction_sweep_20260818_v1/leung_repro_sweep_0002_input_pair_w_pstep,leung_nmcf_pin_3,leung_nmcnr_pin_3:cand_0001,output_node_cap_ff,11.47249,9.95174,-1.5207500000000014,1.5207500000000014
nearest_neighbor,leung_nmcf_reproduction_sweep_20260818_v1/leung_repro_sweep_0003_load2_nmos_w_pstep,leung_nmcf_pin_3,leung_nmcf_pin_3:cand_0002,cap_count,115.0,115.0,0.0,0.0
nearest_neighbor,leung_nmcf_reproduction_sweep_20260818_v1/leung_repro_sweep_0003_load2_nmos_w_pstep,leung_nmcf_pin_3,leung_nmcf_pin_3:cand_0002,total_cap_ff,232.13655,232.13717,0.0006199999999978445,0.0006199999999978445
nearest_neighbor,leung_nmcf_reproduction_sweep_20260818_v1/leung_repro_sweep_0003_load2_nmos_w_pstep,leung_nmcf_pin_3,leung_nmcf_pin_3:cand_0002,output_node_cap_ff,10.30153,2.08856,-8.212969999999999,8.212969999999999
nearest_neighbor,leung_nmcnr_pin_3:cand_0001,leung_nmcnr_pin_3,leung_nmcf_reproduction_sweep_20260818_v1/leung_repro_sweep_0002_input_pair_w_pstep,cap_count,118.0,116.0,-2.0,2.0
nearest_neighbor,leung_nmcnr_pin_3:cand_0001,leung_nmcnr_pin_3,leung_nmcf_reproduction_sweep_20260818_v1/leung_repro_sweep_0002_input_pair_w_pstep,total_cap_ff,274.77841,216.91159,-57.86682000000002,57.86682000000002
nearest_neighbor,leung_nmcnr_pin_3:cand_0001,leung_nmcnr_pin_3,leung_nmcf_reproduction_sweep_20260818_v1/leung_repro_sweep_0002_input_pair_w_pstep,output_node_cap_ff,9.95174,11.47249,1.5207500000000014,1.5207500000000014
nearest_neighbor,peng_acbc_pin_3:cand_0001,peng_acbc_pin_3,grpo_to_pcs_admission_smoke_v1/grpo_leung_dfcfc2_0001,cap_count,127.0,127.0,0.0,0.0
nearest_neighbor,peng_acbc_pin_3:cand_0001,peng_acbc_pin_3,grpo_to_pcs_admission_smoke_v1/grpo_leung_dfcfc2_0001,total_cap_ff,251.96947,3169.88,2917.91053,2917.91053
nearest_neighbor,peng_acbc_pin_3:cand_0001,peng_acbc_pin_3,grpo_to_pcs_admission_smoke_v1/grpo_leung_dfcfc2_0001,output_node_cap_ff,2.68355,0.0,-2.68355,2.68355
nearest_neighbor,qu2017_azc_pin_3:cand_0001,qu2017_azc_pin_3,leung_dfcfc1_pin_3:cand_0001,cap_count,124.0,142.0,18.0,18.0
nearest_neighbor,qu2017_azc_pin_3:cand_0001,qu2017_azc_pin_3,leung_dfcfc1_pin_3:cand_0001,total_cap_ff,162.41758,1351.17155,1188.75397,1188.75397
nearest_neighbor,qu2017_azc_pin_3:cand_0001,qu2017_azc_pin_3,leung_dfcfc1_pin_3:cand_0001,output_node_cap_ff,1.67224,173.143,171.47076,171.47076
nearest_neighbor,ramos_pfc_pin_3:cand_0001,ramos_pfc_pin_3,leung_nmcf_reproduction_sweep_20260818_v1/leung_repro_sweep_0002_input_pair_w_pstep,cap_count,114.0,116.0,2.0,2.0
nearest_neighbor,ramos_pfc_pin_3:cand_0001,ramos_pfc_pin_3,leung_nmcf_reproduction_sweep_20260818_v1/leung_repro_sweep_0002_input_pair_w_pstep,total_cap_ff,1758.0844,216.91159,-1541.17281,1541.17281
nearest_neighbor,ramos_pfc_pin_3:cand_0001,ramos_pfc_pin_3,leung_nmcf_reproduction_sweep_20260818_v1/leung_repro_sweep_0002_input_pair_w_pstep,output_node_cap_ff,114.514,11.47249,-103.04150999999999,103.04150999999999
nearest_neighbor,sau_cfcc_pin_3:cand_0001,sau_cfcc_pin_3,sau_cfcc_reproduction_sweep_20260818_v1/sau_repro_sweep_0000_baseline,cap_count,99.0,99.0,0.0,0.0
nearest_neighbor,sau_cfcc_pin_3:cand_0001,sau_cfcc_pin_3,sau_cfcc_reproduction_sweep_20260818_v1/sau_repro_sweep_0000_baseline,total_cap_ff,227.91273,227.91273,0.0,0.0
nearest_neighbor,sau_cfcc_pin_3:cand_0001,sau_cfcc_pin_3,sau_cfcc_reproduction_sweep_20260818_v1/sau_repro_sweep_0000_baseline,output_node_cap_ff,2.41469,11.69982,9.28513,9.28513
nearest_neighbor,sau_cfcc_reproduction_sweep_20260818_v1/sau_repro_sweep_0000_baseline,sau_cfcc_pin_3,sau_cfcc_pin_3:cand_0001,cap_count,99.0,99.0,0.0,0.0
nearest_neighbor,sau_cfcc_reproduction_sweep_20260818_v1/sau_repro_sweep_0000_baseline,sau_cfcc_pin_3,sau_cfcc_pin_3:cand_0001,total_cap_ff,227.91273,227.91273,0.0,0.0
nearest_neighbor,sau_cfcc_reproduction_sweep_20260818_v1/sau_repro_sweep_0000_baseline,sau_cfcc_pin_3,sau_cfcc_pin_3:cand_0001,output_node_cap_ff,11.69982,2.41469,-9.28513,9.28513
nearest_neighbor,sau_cfcc_reproduction_sweep_20260818_v1/sau_repro_sweep_0001_cap0_mstep,sau_cfcc_pin_3,sau_cfcc_pin_3:cand_0001,cap_count,99.0,99.0,0.0,0.0
nearest_neighbor,sau_cfcc_reproduction_sweep_20260818_v1/sau_repro_sweep_0001_cap0_mstep,sau_cfcc_pin_3,sau_cfcc_pin_3:cand_0001,total_cap_ff,227.91273,227.91273,0.0,0.0
nearest_neighbor,sau_cfcc_reproduction_sweep_20260818_v1/sau_repro_sweep_0001_cap0_mstep,sau_cfcc_pin_3,sau_cfcc_pin_3:cand_0001,output_node_cap_ff,11.69982,2.41469,-9.28513,9.28513
nearest_neighbor,sau_cfcc_reproduction_sweep_20260818_v1/sau_repro_sweep_0002_gm1_pmos_w_pstep,sau_cfcc_pin_3,sau_cfcc_pin_3:cand_0001,cap_count,99.0,99.0,0.0,0.0
nearest_neighbor,sau_cfcc_reproduction_sweep_20260818_v1/sau_repro_sweep_0002_gm1_pmos_w_pstep,sau_cfcc_pin_3,sau_cfcc_pin_3:cand_0001,total_cap_ff,227.93797,227.91273,-0.0252399999999966,0.0252399999999966
nearest_neighbor,sau_cfcc_reproduction_sweep_20260818_v1/sau_repro_sweep_0002_gm1_pmos_w_pstep,sau_cfcc_pin_3,sau_cfcc_pin_3:cand_0001,output_node_cap_ff,11.69982,2.41469,-9.28513,9.28513
nearest_neighbor,sau_cfcc_reproduction_sweep_20260818_v1/sau_repro_sweep_0004_cap0_pstep,sau_cfcc_pin_3,sau_cfcc_pin_3:cand_0001,cap_count,99.0,99.0,0.0,0.0
nearest_neighbor,sau_cfcc_reproduction_sweep_20260818_v1/sau_repro_sweep_0004_cap0_pstep,sau_cfcc_pin_3,sau_cfcc_pin_3:cand_0001,total_cap_ff,227.91273,227.91273,0.0,0.0
nearest_neighbor,sau_cfcc_reproduction_sweep_20260818_v1/sau_repro_sweep_0004_cap0_pstep,sau_cfcc_pin_3,sau_cfcc_pin_3:cand_0001,output_node_cap_ff,11.69982,2.41469,-9.28513,9.28513
nearest_neighbor,smcnr_se_2st_amp:cand_0001,smcnr_se_2st_amp,smcnr_se_2st_amp:smcnr_sizing_probe_0001,cap_count,34.0,33.0,-1.0,1.0
nearest_neighbor,smcnr_se_2st_amp:cand_0001,smcnr_se_2st_amp,smcnr_se_2st_amp:smcnr_sizing_probe_0001,total_cap_ff,432.73855,764.45058,331.71202999999997,331.71202999999997
nearest_neighbor,smcnr_se_2st_amp:cand_0001,smcnr_se_2st_amp,smcnr_se_2st_amp:smcnr_sizing_probe_0001,output_node_cap_ff,172.429,645.62162,473.19262000000003,473.19262000000003
nearest_neighbor,smcnr_se_2st_amp:smcnr_sizing_probe_0001,smcnr_se_2st_amp,smcnr_sizing_sweep_20260817_v1/smcnr_sweep_0000_baseline,cap_count,33.0,33.0,0.0,0.0
nearest_neighbor,smcnr_se_2st_amp:smcnr_sizing_probe_0001,smcnr_se_2st_amp,smcnr_sizing_sweep_20260817_v1/smcnr_sweep_0000_baseline,total_cap_ff,764.45058,764.45058,0.0,0.0
nearest_neighbor,smcnr_se_2st_amp:smcnr_sizing_probe_0001,smcnr_se_2st_amp,smcnr_sizing_sweep_20260817_v1/smcnr_sweep_0000_baseline,output_node_cap_ff,645.62162,645.62162,0.0,0.0
nearest_neighbor,smcnr_se_2st_amp:smcnr_sizing_probe_0002,smcnr_se_2st_amp,smcnr_sizing_sweep_20260817_v1/smcnr_sweep_0004_load_nmos_w_pstep,cap_count,32.0,32.0,0.0,0.0
nearest_neighbor,smcnr_se_2st_amp:smcnr_sizing_probe_0002,smcnr_se_2st_amp,smcnr_sizing_sweep_20260817_v1/smcnr_sweep_0004_load_nmos_w_pstep,total_cap_ff,764.49118,764.49436,0.0031800000000430373,0.0031800000000430373
nearest_neighbor,smcnr_se_2st_amp:smcnr_sizing_probe_0002,smcnr_se_2st_amp,smcnr_sizing_sweep_20260817_v1/smcnr_sweep_0004_load_nmos_w_pstep,output_node_cap_ff,645.71923,645.71805,-0.001180000000090331,0.001180000000090331
nearest_neighbor,smcnr_sizing_sweep_20260817_v1/smcnr_sweep_0000_baseline,smcnr_se_2st_amp,smcnr_se_2st_amp:smcnr_sizing_probe_0001,cap_count,33.0,33.0,0.0,0.0
nearest_neighbor,smcnr_sizing_sweep_20260817_v1/smcnr_sweep_0000_baseline,smcnr_se_2st_amp,smcnr_se_2st_amp:smcnr_sizing_probe_0001,total_cap_ff,764.45058,764.45058,0.0,0.0
nearest_neighbor,smcnr_sizing_sweep_20260817_v1/smcnr_sweep_0000_baseline,smcnr_se_2st_amp,smcnr_se_2st_amp:smcnr_sizing_probe_0001,output_node_cap_ff,645.62162,645.62162,0.0,0.0
nearest_neighbor,smcnr_sizing_sweep_20260817_v1/smcnr_sweep_0001_diff_pair_w_m5pct,smcnr_se_2st_amp,smcnr_se_2st_amp:smcnr_sizing_probe_0001,cap_count,33.0,33.0,0.0,0.0
nearest_neighbor,smcnr_sizing_sweep_20260817_v1/smcnr_sweep_0001_diff_pair_w_m5pct,smcnr_se_2st_amp,smcnr_se_2st_amp:smcnr_sizing_probe_0001,total_cap_ff,763.42667,764.45058,1.0239100000000008,1.0239100000000008
nearest_neighbor,smcnr_sizing_sweep_20260817_v1/smcnr_sweep_0001_diff_pair_w_m5pct,smcnr_se_2st_amp,smcnr_se_2st_amp:smcnr_sizing_probe_0001,output_node_cap_ff,645.54552,645.62162,0.07609999999999673,0.07609999999999673
nearest_neighbor,smcnr_sizing_sweep_20260817_v1/smcnr_sweep_0002_diff_pair_w_p5pct,smcnr_se_2st_amp,smcnr_sizing_sweep_combo_20260817_v1/smcnr_combo_0010_diff_p_load_m,cap_count,33.0,33.0,0.0,0.0
nearest_neighbor,smcnr_sizing_sweep_20260817_v1/smcnr_sweep_0002_diff_pair_w_p5pct,smcnr_se_2st_amp,smcnr_sizing_sweep_combo_20260817_v1/smcnr_combo_0010_diff_p_load_m,total_cap_ff,765.46556,765.49032,0.02476000000001477,0.02476000000001477
nearest_neighbor,smcnr_sizing_sweep_20260817_v1/smcnr_sweep_0002_diff_pair_w_p5pct,smcnr_se_2st_amp,smcnr_sizing_sweep_combo_20260817_v1/smcnr_combo_0010_diff_p_load_m,output_node_cap_ff,645.69675,645.59025,-0.10649999999998272,0.10649999999998272
nearest_neighbor,smcnr_sizing_sweep_20260817_v1/smcnr_sweep_0003_load_nmos_w_mstep,smcnr_se_2st_amp,smcnr_se_2st_amp:smcnr_sizing_probe_0001,cap_count,33.0,33.0,0.0,0.0
nearest_neighbor,smcnr_sizing_sweep_20260817_v1/smcnr_sweep_0003_load_nmos_w_mstep,smcnr_se_2st_amp,smcnr_se_2st_amp:smcnr_sizing_probe_0001,total_cap_ff,764.47736,764.45058,-0.026780000000030668,0.026780000000030668
nearest_neighbor,smcnr_sizing_sweep_20260817_v1/smcnr_sweep_0003_load_nmos_w_mstep,smcnr_se_2st_amp,smcnr_se_2st_amp:smcnr_sizing_probe_0001,output_node_cap_ff,645.51523,645.62162,0.10639000000003307,0.10639000000003307
nearest_neighbor,smcnr_sizing_sweep_20260817_v1/smcnr_sweep_0004_load_nmos_w_pstep,smcnr_se_2st_amp,smcnr_se_2st_amp:smcnr_sizing_probe_0002,cap_count,32.0,32.0,0.0,0.0
nearest_neighbor,smcnr_sizing_sweep_20260817_v1/smcnr_sweep_0004_load_nmos_w_pstep,smcnr_se_2st_amp,smcnr_se_2st_amp:smcnr_sizing_probe_0002,total_cap_ff,764.49436,764.49118,-0.0031800000000430373,0.0031800000000430373
nearest_neighbor,smcnr_sizing_sweep_20260817_v1/smcnr_sweep_0004_load_nmos_w_pstep,smcnr_se_2st_amp,smcnr_se_2st_amp:smcnr_sizing_probe_0002,output_node_cap_ff,645.71805,645.71923,0.001180000000090331,0.001180000000090331
nearest_neighbor,smcnr_sizing_sweep_20260817_v1/smcnr_sweep_0005_second_stage_pmos_w_p5pct,smcnr_se_2st_amp,smcnr_se_2st_amp:smcnr_sizing_probe_0001,cap_count,33.0,33.0,0.0,0.0
nearest_neighbor,smcnr_sizing_sweep_20260817_v1/smcnr_sweep_0005_second_stage_pmos_w_p5pct,smcnr_se_2st_amp,smcnr_se_2st_amp:smcnr_sizing_probe_0001,total_cap_ff,764.57809,764.45058,-0.12751000000002932,0.12751000000002932
nearest_neighbor,smcnr_sizing_sweep_20260817_v1/smcnr_sweep_0005_second_stage_pmos_w_p5pct,smcnr_se_2st_amp,smcnr_se_2st_amp:smcnr_sizing_probe_0001,output_node_cap_ff,645.69652,645.62162,-0.07489999999995689,0.07489999999995689
nearest_neighbor,smcnr_sizing_sweep_20260817_v1/smcnr_sweep_0006_second_stage_pmos_w_p10pct,smcnr_se_2st_amp,smcnr_se_2st_amp:smcnr_sizing_probe_0001,cap_count,33.0,33.0,0.0,0.0
nearest_neighbor,smcnr_sizing_sweep_20260817_v1/smcnr_sweep_0006_second_stage_pmos_w_p10pct,smcnr_se_2st_amp,smcnr_se_2st_amp:smcnr_sizing_probe_0001,total_cap_ff,764.70333,764.45058,-0.2527500000001055,0.2527500000001055
nearest_neighbor,smcnr_sizing_sweep_20260817_v1/smcnr_sweep_0006_second_stage_pmos_w_p10pct,smcnr_se_2st_amp,smcnr_se_2st_amp:smcnr_sizing_probe_0001,output_node_cap_ff,645.7717,645.62162,-0.15008000000000266,0.15008000000000266
nearest_neighbor,smcnr_sizing_sweep_20260817_v1/smcnr_sweep_0007_second_stage_nmos_w_p5pct,smcnr_se_2st_amp,smcnr_se_2st_amp:smcnr_sizing_probe_0002,cap_count,32.0,32.0,0.0,0.0
nearest_neighbor,smcnr_sizing_sweep_20260817_v1/smcnr_sweep_0007_second_stage_nmos_w_p5pct,smcnr_se_2st_amp,smcnr_se_2st_amp:smcnr_sizing_probe_0002,total_cap_ff,763.63822,764.49118,0.8529599999999391,0.8529599999999391
nearest_neighbor,smcnr_sizing_sweep_20260817_v1/smcnr_sweep_0007_second_stage_nmos_w_p5pct,smcnr_se_2st_amp,smcnr_se_2st_amp:smcnr_sizing_probe_0002,output_node_cap_ff,644.98095,645.71923,0.7382800000000316,0.7382800000000316
nearest_neighbor,smcnr_sizing_sweep_combo_20260817_v1/smcnr_combo_0008_diff_m_load_m,smcnr_se_2st_amp,smcnr_se_2st_amp:smcnr_sizing_probe_0001,cap_count,33.0,33.0,0.0,0.0
nearest_neighbor,smcnr_sizing_sweep_combo_20260817_v1/smcnr_combo_0008_diff_m_load_m,smcnr_se_2st_amp,smcnr_se_2st_amp:smcnr_sizing_probe_0001,total_cap_ff,763.45471,764.45058,0.9958699999999681,0.9958699999999681
nearest_neighbor,smcnr_sizing_sweep_combo_20260817_v1/smcnr_combo_0008_diff_m_load_m,smcnr_se_2st_amp,smcnr_se_2st_amp:smcnr_sizing_probe_0001,output_node_cap_ff,645.43913,645.62162,0.1824900000000298,0.1824900000000298
nearest_neighbor,smcnr_sizing_sweep_combo_20260817_v1/smcnr_combo_0009_diff_m_load_p,smcnr_se_2st_amp,smcnr_se_2st_amp:smcnr_sizing_probe_0002,cap_count,32.0,32.0,0.0,0.0
nearest_neighbor,smcnr_sizing_sweep_combo_20260817_v1/smcnr_combo_0009_diff_m_load_p,smcnr_se_2st_amp,smcnr_se_2st_amp:smcnr_sizing_probe_0002,total_cap_ff,763.47053,764.49118,1.0206499999999323,1.0206499999999323
nearest_neighbor,smcnr_sizing_sweep_combo_20260817_v1/smcnr_combo_0009_diff_m_load_p,smcnr_se_2st_amp,smcnr_se_2st_amp:smcnr_sizing_probe_0002,output_node_cap_ff,645.64185,645.71923,0.07738000000006195,0.07738000000006195
nearest_neighbor,smcnr_sizing_sweep_combo_20260817_v1/smcnr_combo_0010_diff_p_load_m,smcnr_se_2st_amp,smcnr_sizing_sweep_20260817_v1/smcnr_sweep_0002_diff_pair_w_p5pct,cap_count,33.0,33.0,0.0,0.0
nearest_neighbor,smcnr_sizing_sweep_combo_20260817_v1/smcnr_combo_0010_diff_p_load_m,smcnr_se_2st_amp,smcnr_sizing_sweep_20260817_v1/smcnr_sweep_0002_diff_pair_w_p5pct,total_cap_ff,765.49032,765.46556,-0.02476000000001477,0.02476000000001477
nearest_neighbor,smcnr_sizing_sweep_combo_20260817_v1/smcnr_combo_0010_diff_p_load_m,smcnr_se_2st_amp,smcnr_sizing_sweep_20260817_v1/smcnr_sweep_0002_diff_pair_w_p5pct,output_node_cap_ff,645.59025,645.69675,0.10649999999998272,0.10649999999998272
nearest_neighbor,smcnr_sizing_sweep_combo_20260817_v1/smcnr_combo_0011_diff_p_load_p,smcnr_se_2st_amp,smcnr_se_2st_amp:smcnr_sizing_probe_0002,cap_count,32.0,32.0,0.0,0.0
nearest_neighbor,smcnr_sizing_sweep_combo_20260817_v1/smcnr_combo_0011_diff_p_load_p,smcnr_se_2st_amp,smcnr_se_2st_amp:smcnr_sizing_probe_0002,total_cap_ff,765.51024,764.49118,-1.0190599999999677,1.0190599999999677
nearest_neighbor,smcnr_sizing_sweep_combo_20260817_v1/smcnr_combo_0011_diff_p_load_p,smcnr_se_2st_amp,smcnr_se_2st_amp:smcnr_sizing_probe_0002,output_node_cap_ff,645.79409,645.71923,-0.0748599999999442,0.0748599999999442
nearest_neighbor,smcnr_sizing_sweep_combo_20260817_v1/smcnr_combo_0012_diff_p_pmos_p5,smcnr_se_2st_amp,smcnr_sizing_sweep_20260817_v1/smcnr_sweep_0002_diff_pair_w_p5pct,cap_count,33.0,33.0,0.0,0.0
nearest_neighbor,smcnr_sizing_sweep_combo_20260817_v1/smcnr_combo_0012_diff_p_pmos_p5,smcnr_se_2st_amp,smcnr_sizing_sweep_20260817_v1/smcnr_sweep_0002_diff_pair_w_p5pct,total_cap_ff,765.59308,765.46556,-0.12752000000000407,0.12752000000000407
nearest_neighbor,smcnr_sizing_sweep_combo_20260817_v1/smcnr_combo_0012_diff_p_pmos_p5,smcnr_se_2st_amp,smcnr_sizing_sweep_20260817_v1/smcnr_sweep_0002_diff_pair_w_p5pct,output_node_cap_ff,645.77166,645.69675,-0.07491000000004533,0.07491000000004533
nearest_neighbor,smcnr_sizing_sweep_combo_20260817_v1/smcnr_combo_0013_diff_m_pmos_p10,smcnr_se_2st_amp,smcnr_se_2st_amp:smcnr_sizing_probe_0001,cap_count,33.0,33.0,0.0,0.0
nearest_neighbor,smcnr_sizing_sweep_combo_20260817_v1/smcnr_combo_0013_diff_m_pmos_p10,smcnr_se_2st_amp,smcnr_se_2st_amp:smcnr_sizing_probe_0001,total_cap_ff,763.6796,764.45058,0.770979999999895,0.770979999999895
nearest_neighbor,smcnr_sizing_sweep_combo_20260817_v1/smcnr_combo_0013_diff_m_pmos_p10,smcnr_se_2st_amp,smcnr_se_2st_amp:smcnr_sizing_probe_0001,output_node_cap_ff,645.69559,645.62162,-0.07397000000003118,0.07397000000003118
nearest_neighbor,smcnr_sizing_sweep_combo_20260817_v1/smcnr_combo_0014_load_p_nmos_p5,smcnr_se_2st_amp,smcnr_se_2st_amp:smcnr_sizing_probe_0002,cap_count,32.0,32.0,0.0,0.0
nearest_neighbor,smcnr_sizing_sweep_combo_20260817_v1/smcnr_combo_0014_load_p_nmos_p5,smcnr_se_2st_amp,smcnr_se_2st_amp:smcnr_sizing_probe_0002,total_cap_ff,763.67029,764.49118,0.820889999999963,0.820889999999963
nearest_neighbor,smcnr_sizing_sweep_combo_20260817_v1/smcnr_combo_0014_load_p_nmos_p5,smcnr_se_2st_amp,smcnr_se_2st_amp:smcnr_sizing_probe_0002,output_node_cap_ff,645.06645,645.71923,0.652780000000007,0.652780000000007
nearest_neighbor,smcnr_sizing_sweep_combo_20260817_v1/smcnr_combo_0015_pmos_p10_nmos_p5,smcnr_se_2st_amp,smcnr_se_2st_amp:smcnr_sizing_probe_0002,cap_count,32.0,32.0,0.0,0.0
nearest_neighbor,smcnr_sizing_sweep_combo_20260817_v1/smcnr_combo_0015_pmos_p10_nmos_p5,smcnr_se_2st_amp,smcnr_se_2st_amp:smcnr_sizing_probe_0002,total_cap_ff,763.88934,764.49118,0.6018400000000383,0.6018400000000383
nearest_neighbor,smcnr_sizing_sweep_combo_20260817_v1/smcnr_combo_0015_pmos_p10_nmos_p5,smcnr_se_2st_amp,smcnr_se_2st_amp:smcnr_sizing_probe_0002,output_node_cap_ff,645.13088,645.71923,0.5883499999999913,0.5883499999999913
nearest_neighbor,tan_clia_pin_3:cand_0001,tan_clia_pin_3,leung_dfcfc2_pin_3__grpo_admission_batch_v2_20260822/grpo_leung_dfcfc2_0000,cap_count,130.0,131.0,1.0,1.0
nearest_neighbor,tan_clia_pin_3:cand_0001,tan_clia_pin_3,leung_dfcfc2_pin_3__grpo_admission_batch_v2_20260822/grpo_leung_dfcfc2_0000,total_cap_ff,134.28059,1762.34211,1628.06152,1628.06152
nearest_neighbor,tan_clia_pin_3:cand_0001,tan_clia_pin_3,leung_dfcfc2_pin_3__grpo_admission_batch_v2_20260822/grpo_leung_dfcfc2_0000,output_node_cap_ff,3.27131,0.0,-3.27131,3.27131
nearest_neighbor,yan_az_pin_3:cand_0001,yan_az_pin_3,leung_nmcf_pin_3:cand_0002,cap_count,114.0,115.0,1.0,1.0
nearest_neighbor,yan_az_pin_3:cand_0001,yan_az_pin_3,leung_nmcf_pin_3:cand_0002,total_cap_ff,135.3599,232.13717,96.77726999999999,96.77726999999999
nearest_neighbor,yan_az_pin_3:cand_0001,yan_az_pin_3,leung_nmcf_pin_3:cand_0002,output_node_cap_ff,2.52636,2.08856,-0.43779999999999974,0.43779999999999974
ridge_regression,alfio_raffc_pin_3:cand_0001,alfio_raffc_pin_3,,cap_count,130.0,130.80158834232327,0.8015883423232708,0.8015883423232708
ridge_regression,alfio_raffc_pin_3:cand_0001,alfio_raffc_pin_3,,total_cap_ff,99.32308,402.6672857583583,303.34420575835827,303.34420575835827
ridge_regression,alfio_raffc_pin_3:cand_0001,alfio_raffc_pin_3,,output_node_cap_ff,0.80601,55.16882595173367,54.36281595173367,54.36281595173367
ridge_regression,alfio_raffc_reproduction_sweep_20260818_v1/alfio_repro_sweep_0000_baseline,alfio_raffc_pin_3,,cap_count,130.0,130.80158834232327,0.8015883423232708,0.8015883423232708
ridge_regression,alfio_raffc_reproduction_sweep_20260818_v1/alfio_repro_sweep_0000_baseline,alfio_raffc_pin_3,,total_cap_ff,99.32308,402.6672857583583,303.34420575835827,303.34420575835827
ridge_regression,alfio_raffc_reproduction_sweep_20260818_v1/alfio_repro_sweep_0000_baseline,alfio_raffc_pin_3,,output_node_cap_ff,11.83896,53.84639924574228,42.00743924574228,42.00743924574228
ridge_regression,alfio_raffc_reproduction_sweep_20260818_v1/alfio_repro_sweep_0001_gm1_pmos_w_pstep,alfio_raffc_pin_3,,cap_count,130.0,130.80158834232327,0.8015883423232708,0.8015883423232708
ridge_regression,alfio_raffc_reproduction_sweep_20260818_v1/alfio_repro_sweep_0001_gm1_pmos_w_pstep,alfio_raffc_pin_3,,total_cap_ff,99.45836,402.65107088520193,303.1927108852019,303.1927108852019
ridge_regression,alfio_raffc_reproduction_sweep_20260818_v1/alfio_repro_sweep_0001_gm1_pmos_w_pstep,alfio_raffc_pin_3,,output_node_cap_ff,11.844560000000003,53.84572802095112,42.00116802095112,42.00116802095112
ridge_regression,alfio_raffc_reproduction_sweep_20260818_v1/alfio_repro_sweep_0002_gm2_pmos_w_pstep,alfio_raffc_pin_3,,cap_count,126.0,125.79667062579186,-0.20332937420813835,0.20332937420813835
ridge_regression,alfio_raffc_reproduction_sweep_20260818_v1/alfio_repro_sweep_0002_gm2_pmos_w_pstep,alfio_raffc_pin_3,,total_cap_ff,99.23916,1731.3853054122467,1632.1461454122466,1632.1461454122466
ridge_regression,alfio_raffc_reproduction_sweep_20260818_v1/alfio_repro_sweep_0002_gm2_pmos_w_pstep,alfio_raffc_pin_3,,output_node_cap_ff,11.64657,17.670855420184377,6.024285420184377,6.024285420184377
ridge_regression,alfio_raffc_reproduction_sweep_20260818_v1/alfio_repro_sweep_0003_gmb_nmos_w_pstep,alfio_raffc_pin_3,,cap_count,128.0,128.79432118640312,0.7943211864031241,0.7943211864031241
ridge_regression,alfio_raffc_reproduction_sweep_20260818_v1/alfio_repro_sweep_0003_gmb_nmos_w_pstep,alfio_raffc_pin_3,,total_cap_ff,103.41121,446.6374483402538,343.2262383402538,343.2262383402538
ridge_regression,alfio_raffc_reproduction_sweep_20260818_v1/alfio_repro_sweep_0003_gmb_nmos_w_pstep,alfio_raffc_pin_3,,output_node_cap_ff,11.84383,51.0162730578338,39.1724430578338,39.1724430578338
ridge_regression,fan_smc_pin_3:cand_0008,fan_smc_pin_3,,cap_count,115.0,115.33535863261649,0.3353586326164901,0.3353586326164901
ridge_regression,fan_smc_pin_3:cand_0008,fan_smc_pin_3,,total_cap_ff,520.84706,1328.523421472165,807.6763614721649,807.6763614721649
ridge_regression,fan_smc_pin_3:cand_0008,fan_smc_pin_3,,output_node_cap_ff,11.9045,21.80080660174876,9.89630660174876,9.89630660174876
ridge_regression,fan_smc_reproduction_sweep_20260817_v1/fan_repro_sweep_0000_baseline,fan_smc_pin_3,,cap_count,115.0,115.33535863261649,0.3353586326164901,0.3353586326164901
ridge_regression,fan_smc_reproduction_sweep_20260817_v1/fan_repro_sweep_0000_baseline,fan_smc_pin_3,,total_cap_ff,520.84706,1328.523421472165,807.6763614721649,807.6763614721649
ridge_regression,fan_smc_reproduction_sweep_20260817_v1/fan_repro_sweep_0000_baseline,fan_smc_pin_3,,output_node_cap_ff,40.15012,20.73277234115068,-19.41734765884932,19.41734765884932
ridge_regression,fan_smc_reproduction_sweep_20260817_v1/fan_repro_sweep_0001_input_pair_w_mstep,fan_smc_pin_3,,cap_count,115.0,115.33535863261649,0.3353586326164901,0.3353586326164901
ridge_regression,fan_smc_reproduction_sweep_20260817_v1/fan_repro_sweep_0001_input_pair_w_mstep,fan_smc_pin_3,,total_cap_ff,520.80192,1328.5251283232283,807.7232083232283,807.7232083232283
ridge_regression,fan_smc_reproduction_sweep_20260817_v1/fan_repro_sweep_0001_input_pair_w_mstep,fan_smc_pin_3,,output_node_cap_ff,40.15012,20.73277234115068,-19.41734765884932,19.41734765884932
ridge_regression,fan_smc_reproduction_sweep_20260817_v1/fan_repro_sweep_0002_input_pair_w_pstep,fan_smc_pin_3,,cap_count,121.0,121.43881114278409,0.4388111427840897,0.4388111427840897
ridge_regression,fan_smc_reproduction_sweep_20260817_v1/fan_repro_sweep_0002_input_pair_w_pstep,fan_smc_pin_3,,total_cap_ff,532.59027,1011.8907145177294,479.3004445177294,479.3004445177294
ridge_regression,fan_smc_reproduction_sweep_20260817_v1/fan_repro_sweep_0002_input_pair_w_pstep,fan_smc_pin_3,,output_node_cap_ff,40.50775,30.631097285251073,-9.876652714748928,9.876652714748928
ridge_regression,fan_smc_reproduction_sweep_20260817_v1/fan_repro_sweep_0003_load2_nmos_w_pstep,fan_smc_pin_3,,cap_count,115.0,115.33535863261649,0.3353586326164901,0.3353586326164901
ridge_regression,fan_smc_reproduction_sweep_20260817_v1/fan_repro_sweep_0003_load2_nmos_w_pstep,fan_smc_pin_3,,total_cap_ff,520.83408,1328.5239122769237,807.6898322769238,807.6898322769238
ridge_regression,fan_smc_reproduction_sweep_20260817_v1/fan_repro_sweep_0003_load2_nmos_w_pstep,fan_smc_pin_3,,output_node_cap_ff,40.15012,20.73277234115068,-19.41734765884932,19.41734765884932
ridge_regression,grpo_admission_20260821_analoggym_contract_v1/grpo_leung_dfcfc2_0001,leung_dfcfc2_pin_3,,cap_count,131.0,128.75817418046938,-2.241825819530618,2.241825819530618
ridge_regression,grpo_admission_20260821_analoggym_contract_v1/grpo_leung_dfcfc2_0001,leung_dfcfc2_pin_3,,total_cap_ff,1557.8,2499.495656161922,941.695656161922,941.695656161922
ridge_regression,grpo_admission_20260821_analoggym_contract_v1/grpo_leung_dfcfc2_0001,leung_dfcfc2_pin_3,,output_node_cap_ff,0.0,-8.964846484203205,-8.964846484203205,8.964846484203205
ridge_regression,grpo_admission_20260821_analoggym_contract_v1/grpo_leung_dfcfc2_0006,leung_dfcfc2_pin_3,,cap_count,151.0,148.2464921939698,-2.7535078060302,2.7535078060302
ridge_regression,grpo_admission_20260821_analoggym_contract_v1/grpo_leung_dfcfc2_0006,leung_dfcfc2_pin_3,,total_cap_ff,5698.66,1829.9408541597463,-3868.7191458402535,3868.7191458402535
ridge_regression,grpo_admission_20260821_analoggym_contract_v1/grpo_leung_dfcfc2_0006,leung_dfcfc2_pin_3,,output_node_cap_ff,0.0,-15.130219649927763,-15.130219649927763,15.130219649927763
ridge_regression,grpo_to_pcs_admission_smoke_v1/grpo_leung_dfcfc2_0000,leung_dfcfc2_pin_3,,cap_count,134.0,131.1556425940752,-2.8443574059247965,2.8443574059247965
ridge_regression,grpo_to_pcs_admission_smoke_v1/grpo_leung_dfcfc2_0000,leung_dfcfc2_pin_3,,total_cap_ff,3999.37,2911.7661799031353,-1087.6038200968646,1087.6038200968646
ridge_regression,grpo_to_pcs_admission_smoke_v1/grpo_leung_dfcfc2_0000,leung_dfcfc2_pin_3,,output_node_cap_ff,0.0,-34.97565886184641,-34.97565886184641,34.97565886184641
ridge_regression,grpo_to_pcs_admission_smoke_v1/grpo_leung_dfcfc2_0001,leung_dfcfc2_pin_3,,cap_count,127.0,126.85622715621459,-0.14377284378541333,0.14377284378541333
ridge_regression,grpo_to_pcs_admission_smoke_v1/grpo_leung_dfcfc2_0001,leung_dfcfc2_pin_3,,total_cap_ff,3169.88,867.7910397625515,-2302.0889602374486,2302.0889602374486
ridge_regression,grpo_to_pcs_admission_smoke_v1/grpo_leung_dfcfc2_0001,leung_dfcfc2_pin_3,,output_node_cap_ff,0.0,12.794677135611881,12.794677135611881,12.794677135611881
ridge_regression,hoilee_affc_pin_3:cand_0001,hoilee_affc_pin_3,,cap_count,156.0,152.10148460648054,-3.8985153935194603,3.8985153935194603
ridge_regression,hoilee_affc_pin_3:cand_0001,hoilee_affc_pin_3,,total_cap_ff,272.48469,1615.7939896693845,1343.3092996693845,1343.3092996693845
ridge_regression,hoilee_affc_pin_3:cand_0001,hoilee_affc_pin_3,,output_node_cap_ff,2.15939,-34.83542696384726,-36.99481696384726,36.99481696384726
ridge_regression,leung_dfcfc1_pin_3:cand_0001,leung_dfcfc1_pin_3,,cap_count,142.0,141.17159124468867,-0.8284087553113295,0.8284087553113295
ridge_regression,leung_dfcfc1_pin_3:cand_0001,leung_dfcfc1_pin_3,,total_cap_ff,1351.17155,805.3688387927835,-545.8027112072165,545.8027112072165
ridge_regression,leung_dfcfc1_pin_3:cand_0001,leung_dfcfc1_pin_3,,output_node_cap_ff,173.143,1.2598058458996122,-171.88319415410038,171.88319415410038
ridge_regression,leung_dfcfc2_pin_3:cand_0001,leung_dfcfc2_pin_3,,cap_count,106.0,106.23291178675167,0.23291178675167146,0.23291178675167146
ridge_regression,leung_dfcfc2_pin_3:cand_0001,leung_dfcfc2_pin_3,,total_cap_ff,513.11719,1472.7404511979664,959.6232611979664,959.6232611979664
ridge_regression,leung_dfcfc2_pin_3:cand_0001,leung_dfcfc2_pin_3,,output_node_cap_ff,5.7062,-1.0012775348650955,-6.707477534865095,6.707477534865095
ridge_regression,leung_dfcfc2_pin_3__grpo_admission_batch_v2_20260822/grpo_leung_dfcfc2_0000,leung_dfcfc2_pin_3,,cap_count,131.0,130.01557261836726,-0.9844273816327416,0.9844273816327416
ridge_regression,leung_dfcfc2_pin_3__grpo_admission_batch_v2_20260822/grpo_leung_dfcfc2_0000,leung_dfcfc2_pin_3,,total_cap_ff,1762.34211,1371.066370204854,-391.27573979514614,391.27573979514614
ridge_regression,leung_dfcfc2_pin_3__grpo_admission_batch_v2_20260822/grpo_leung_dfcfc2_0000,leung_dfcfc2_pin_3,,output_node_cap_ff,0.0,10.570461511555935,10.570461511555935,10.570461511555935
ridge_regression,leung_dfcfc2_pin_3__grpo_admission_batch_v2_20260822/grpo_leung_dfcfc2_0008,leung_dfcfc2_pin_3,,cap_count,112.0,111.30037228720724,-0.6996277127927613,0.6996277127927613
ridge_regression,leung_dfcfc2_pin_3__grpo_admission_batch_v2_20260822/grpo_leung_dfcfc2_0008,leung_dfcfc2_pin_3,,total_cap_ff,5781.05423,1602.5160956355815,-4178.5381343644185,4178.5381343644185
ridge_regression,leung_dfcfc2_pin_3__grpo_admission_batch_v2_20260822/grpo_leung_dfcfc2_0008,leung_dfcfc2_pin_3,,output_node_cap_ff,0.0,-16.502783229039185,-16.502783229039185,16.502783229039185
ridge_regression,leung_dfcfc2_pin_3__grpo_admission_batch_v2_20260822/grpo_leung_dfcfc2_0011,leung_dfcfc2_pin_3,,cap_count,129.0,127.93914969526276,-1.0608503047372437,1.0608503047372437
ridge_regression,leung_dfcfc2_pin_3__grpo_admission_batch_v2_20260822/grpo_leung_dfcfc2_0011,leung_dfcfc2_pin_3,,total_cap_ff,3656.83521,1519.227750277077,-2137.6074597229235,2137.6074597229235
ridge_regression,leung_dfcfc2_pin_3__grpo_admission_batch_v2_20260822/grpo_leung_dfcfc2_0011,leung_dfcfc2_pin_3,,output_node_cap_ff,0.0,4.274424768968745,4.274424768968745,4.274424768968745
ridge_regression,leung_dfcfc2_pin_3__grpo_admission_batch_v3_20260822/grpo_leung_dfcfc2_0002,leung_dfcfc2_pin_3,,cap_count,118.0,117.00116836070201,-0.9988316392979897,0.9988316392979897
ridge_regression,leung_dfcfc2_pin_3__grpo_admission_batch_v3_20260822/grpo_leung_dfcfc2_0002,leung_dfcfc2_pin_3,,total_cap_ff,2001.61333,2114.6099820147538,112.99665201475386,112.99665201475386
ridge_regression,leung_dfcfc2_pin_3__grpo_admission_batch_v3_20260822/grpo_leung_dfcfc2_0002,leung_dfcfc2_pin_3,,output_node_cap_ff,0.0,-13.915569142551716,-13.915569142551716,13.915569142551716
ridge_regression,leung_dfcfc2_pin_3__grpo_admission_batch_v3_20260822/grpo_leung_dfcfc2_0005,leung_dfcfc2_pin_3,,cap_count,135.0,133.17470054434665,-1.8252994556533508,1.8252994556533508
ridge_regression,leung_dfcfc2_pin_3__grpo_admission_batch_v3_20260822/grpo_leung_dfcfc2_0005,leung_dfcfc2_pin_3,,total_cap_ff,3351.97493,2372.5171138776213,-979.4578161223785,979.4578161223785
ridge_regression,leung_dfcfc2_pin_3__grpo_admission_batch_v3_20260822/grpo_leung_dfcfc2_0005,leung_dfcfc2_pin_3,,output_node_cap_ff,0.0,-22.324902061444053,-22.324902061444053,22.324902061444053
ridge_regression,leung_dfcfc2_pin_3__grpo_admission_batch_v3_20260822/grpo_leung_dfcfc2_0010,leung_dfcfc2_pin_3,,cap_count,129.0,127.31827249716082,-1.6817275028391805,1.6817275028391805
ridge_regression,leung_dfcfc2_pin_3__grpo_admission_batch_v3_20260822/grpo_leung_dfcfc2_0010,leung_dfcfc2_pin_3,,total_cap_ff,2365.25273,2623.9522610126305,258.69953101263036,258.69953101263036
ridge_regression,leung_dfcfc2_pin_3__grpo_admission_batch_v3_20260822/grpo_leung_dfcfc2_0010,leung_dfcfc2_pin_3,,output_node_cap_ff,0.0,-29.320050182234787,-29.320050182234787,29.320050182234787
ridge_regression,leung_dfcfc2_pin_3__grpo_admission_batch_v3_20260822/grpo_leung_dfcfc2_0011,leung_dfcfc2_pin_3,,cap_count,112.0,112.50917580346484,0.5091758034648421,0.5091758034648421
ridge_regression,leung_dfcfc2_pin_3__grpo_admission_batch_v3_20260822/grpo_leung_dfcfc2_0011,leung_dfcfc2_pin_3,,total_cap_ff,1991.44623,988.6564840651178,-1002.7897459348823,1002.7897459348823
ridge_regression,leung_dfcfc2_pin_3__grpo_admission_batch_v3_20260822/grpo_leung_dfcfc2_0011,leung_dfcfc2_pin_3,,output_node_cap_ff,0.0,3.8276694699707265,3.8276694699707265,3.8276694699707265
ridge_regression,leung_nmcf_pin_3:cand_0002,leung_nmcf_pin_3,,cap_count,115.0,115.47024621486462,0.47024621486461626,0.47024621486461626
ridge_regression,leung_nmcf_pin_3:cand_0002,leung_nmcf_pin_3,,total_cap_ff,232.13717,1160.6595821320984,928.5224121320985,928.5224121320985
ridge_regression,leung_nmcf_pin_3:cand_0002,leung_nmcf_pin_3,,output_node_cap_ff,2.08856,26.25223092854986,24.16367092854986,24.16367092854986
ridge_regression,leung_nmcf_reproduction_sweep_20260818_v1/leung_repro_sweep_0000_baseline,leung_nmcf_pin_3,,cap_count,115.0,115.47024621486462,0.47024621486461626,0.47024621486461626
ridge_regression,leung_nmcf_reproduction_sweep_20260818_v1/leung_repro_sweep_0000_baseline,leung_nmcf_pin_3,,total_cap_ff,232.13717,1160.6595821320984,928.5224121320985,928.5224121320985
ridge_regression,leung_nmcf_reproduction_sweep_20260818_v1/leung_repro_sweep_0000_baseline,leung_nmcf_pin_3,,output_node_cap_ff,10.30153,25.982781234083966,15.681251234083966,15.681251234083966
ridge_regression,leung_nmcf_reproduction_sweep_20260818_v1/leung_repro_sweep_0001_input_pair_w_mstep,leung_nmcf_pin_3,,cap_count,115.0,115.47024621486462,0.47024621486461626,0.47024621486461626
ridge_regression,leung_nmcf_reproduction_sweep_20260818_v1/leung_repro_sweep_0001_input_pair_w_mstep,leung_nmcf_pin_3,,total_cap_ff,232.11217,1160.66040232776,928.54823232776,928.54823232776
ridge_regression,leung_nmcf_reproduction_sweep_20260818_v1/leung_repro_sweep_0001_input_pair_w_mstep,leung_nmcf_pin_3,,output_node_cap_ff,10.30157,25.982779921770966,15.681209921770966,15.681209921770966
ridge_regression,leung_nmcf_reproduction_sweep_20260818_v1/leung_repro_sweep_0002_input_pair_w_pstep,leung_nmcf_pin_3,,cap_count,116.0,116.80736690425425,0.807366904254252,0.807366904254252
ridge_regression,leung_nmcf_reproduction_sweep_20260818_v1/leung_repro_sweep_0002_input_pair_w_pstep,leung_nmcf_pin_3,,total_cap_ff,216.91159,704.8671666382525,487.95557663825247,487.95557663825247
ridge_regression,leung_nmcf_reproduction_sweep_20260818_v1/leung_repro_sweep_0002_input_pair_w_pstep,leung_nmcf_pin_3,,output_node_cap_ff,11.47249,37.37116707830579,25.898677078305788,25.898677078305788
ridge_regression,leung_nmcf_reproduction_sweep_20260818_v1/leung_repro_sweep_0003_load2_nmos_w_pstep,leung_nmcf_pin_3,,cap_count,115.0,115.47024621486462,0.47024621486461626,0.47024621486461626
ridge_regression,leung_nmcf_reproduction_sweep_20260818_v1/leung_repro_sweep_0003_load2_nmos_w_pstep,leung_nmcf_pin_3,,total_cap_ff,232.13655,1160.6596024729508,928.5230524729509,928.5230524729509
ridge_regression,leung_nmcf_reproduction_sweep_20260818_v1/leung_repro_sweep_0003_load2_nmos_w_pstep,leung_nmcf_pin_3,,output_node_cap_ff,10.30153,25.982781234083966,15.681251234083966,15.681251234083966
ridge_regression,leung_nmcnr_pin_3:cand_0001,leung_nmcnr_pin_3,,cap_count,118.0,118.6586157736186,0.6586157736186067,0.6586157736186067
ridge_regression,leung_nmcnr_pin_3:cand_0001,leung_nmcnr_pin_3,,total_cap_ff,274.77841,829.1730107916409,554.3946007916409,554.3946007916409
ridge_regression,leung_nmcnr_pin_3:cand_0001,leung_nmcnr_pin_3,,output_node_cap_ff,9.95174,35.10283834874012,25.15109834874012,25.15109834874012
ridge_regression,peng_acbc_pin_3:cand_0001,peng_acbc_pin_3,,cap_count,127.0,126.85622715621459,-0.14377284378541333,0.14377284378541333
ridge_regression,peng_acbc_pin_3:cand_0001,peng_acbc_pin_3,,total_cap_ff,251.96947,991.9340193645347,739.9645493645347,739.9645493645347
ridge_regression,peng_acbc_pin_3:cand_0001,peng_acbc_pin_3,,output_node_cap_ff,2.68355,12.680505062998487,9.996955062998486,9.996955062998486
ridge_regression,qu2017_azc_pin_3:cand_0001,qu2017_azc_pin_3,,cap_count,124.0,125.8835640809771,1.883564080977095,1.883564080977095
ridge_regression,qu2017_azc_pin_3:cand_0001,qu2017_azc_pin_3,,total_cap_ff,162.41758,-720.2150648479969,-882.632644847997,882.632644847997
ridge_regression,qu2017_azc_pin_3:cand_0001,qu2017_azc_pin_3,,output_node_cap_ff,1.67224,-7.113965622389808,-8.786205622389808,8.786205622389808
ridge_regression,ramos_pfc_pin_3:cand_0001,ramos_pfc_pin_3,,cap_count,114.0,115.10475416412474,1.104754164124742,1.104754164124742
ridge_regression,ramos_pfc_pin_3:cand_0001,ramos_pfc_pin_3,,total_cap_ff,1758.0844,336.3330565577158,-1421.7513434422842,1421.7513434422842
ridge_regression,ramos_pfc_pin_3:cand_0001,ramos_pfc_pin_3,,output_node_cap_ff,114.514,39.52362221520136,-74.99037778479864,74.99037778479864
ridge_regression,sau_cfcc_pin_3:cand_0001,sau_cfcc_pin_3,,cap_count,99.0,100.46461209778265,1.4646120977826484,1.4646120977826484
ridge_regression,sau_cfcc_pin_3:cand_0001,sau_cfcc_pin_3,,total_cap_ff,227.91273,509.25395108255157,281.34122108255156,281.34122108255156
ridge_regression,sau_cfcc_pin_3:cand_0001,sau_cfcc_pin_3,,output_node_cap_ff,2.41469,38.09698570182942,35.68229570182942,35.68229570182942
ridge_regression,sau_cfcc_reproduction_sweep_20260818_v1/sau_repro_sweep_0000_baseline,sau_cfcc_pin_3,,cap_count,99.0,100.46461209778265,1.4646120977826484,1.4646120977826484
ridge_regression,sau_cfcc_reproduction_sweep_20260818_v1/sau_repro_sweep_0000_baseline,sau_cfcc_pin_3,,total_cap_ff,227.91273,509.25395108255157,281.34122108255156,281.34122108255156
ridge_regression,sau_cfcc_reproduction_sweep_20260818_v1/sau_repro_sweep_0000_baseline,sau_cfcc_pin_3,,output_node_cap_ff,11.69982,37.246967317429146,25.547147317429143,25.547147317429143
ridge_regression,sau_cfcc_reproduction_sweep_20260818_v1/sau_repro_sweep_0001_cap0_mstep,sau_cfcc_pin_3,,cap_count,99.0,100.46461209778265,1.4646120977826484,1.4646120977826484
ridge_regression,sau_cfcc_reproduction_sweep_20260818_v1/sau_repro_sweep_0001_cap0_mstep,sau_cfcc_pin_3,,total_cap_ff,227.91273,509.25395108255157,281.34122108255156,281.34122108255156
ridge_regression,sau_cfcc_reproduction_sweep_20260818_v1/sau_repro_sweep_0001_cap0_mstep,sau_cfcc_pin_3,,output_node_cap_ff,11.69982,37.246967317429146,25.547147317429143,25.547147317429143
ridge_regression,sau_cfcc_reproduction_sweep_20260818_v1/sau_repro_sweep_0002_gm1_pmos_w_pstep,sau_cfcc_pin_3,,cap_count,99.0,100.46461209778265,1.4646120977826484,1.4646120977826484
ridge_regression,sau_cfcc_reproduction_sweep_20260818_v1/sau_repro_sweep_0002_gm1_pmos_w_pstep,sau_cfcc_pin_3,,total_cap_ff,227.93797,509.2516404564193,281.3136704564193,281.3136704564193
ridge_regression,sau_cfcc_reproduction_sweep_20260818_v1/sau_repro_sweep_0002_gm1_pmos_w_pstep,sau_cfcc_pin_3,,output_node_cap_ff,11.69982,37.246967317429146,25.547147317429143,25.547147317429143
ridge_regression,sau_cfcc_reproduction_sweep_20260818_v1/sau_repro_sweep_0004_cap0_pstep,sau_cfcc_pin_3,,cap_count,99.0,100.46461209778265,1.4646120977826484,1.4646120977826484
ridge_regression,sau_cfcc_reproduction_sweep_20260818_v1/sau_repro_sweep_0004_cap0_pstep,sau_cfcc_pin_3,,total_cap_ff,227.91273,509.25395108255157,281.34122108255156,281.34122108255156
ridge_regression,sau_cfcc_reproduction_sweep_20260818_v1/sau_repro_sweep_0004_cap0_pstep,sau_cfcc_pin_3,,output_node_cap_ff,11.69982,37.246967317429146,25.547147317429143,25.547147317429143
ridge_regression,smcnr_se_2st_amp:cand_0001,smcnr_se_2st_amp,,cap_count,34.0,34.44485203030748,0.4448520303074801,0.4448520303074801
ridge_regression,smcnr_se_2st_amp:cand_0001,smcnr_se_2st_amp,,total_cap_ff,432.73855,831.4791098882399,398.74055988823994,398.74055988823994
ridge_regression,smcnr_se_2st_amp:cand_0001,smcnr_se_2st_amp,,output_node_cap_ff,172.429,639.0594286187098,466.63042861870986,466.63042861870986
ridge_regression,smcnr_se_2st_amp:smcnr_sizing_probe_0001,smcnr_se_2st_amp,,cap_count,33.0,33.07757957453265,0.07757957453264908,0.07757957453264908
ridge_regression,smcnr_se_2st_amp:smcnr_sizing_probe_0001,smcnr_se_2st_amp,,total_cap_ff,764.45058,741.6391762304479,-22.811403769552044,22.811403769552044
ridge_regression,smcnr_se_2st_amp:smcnr_sizing_probe_0001,smcnr_se_2st_amp,,output_node_cap_ff,645.62162,614.505509226945,-31.11611077305497,31.11611077305497
ridge_regression,smcnr_se_2st_amp:smcnr_sizing_probe_0002,smcnr_se_2st_amp,,cap_count,32.0,31.709642853179727,-0.29035714682027347,0.29035714682027347
ridge_regression,smcnr_se_2st_amp:smcnr_sizing_probe_0002,smcnr_se_2st_amp,,total_cap_ff,764.49118,670.8656475081352,-93.62553249186476,93.62553249186476
ridge_regression,smcnr_se_2st_amp:smcnr_sizing_probe_0002,smcnr_se_2st_amp,,output_node_cap_ff,645.71923,616.9880566114464,-28.731173388553657,28.731173388553657
ridge_regression,smcnr_sizing_sweep_20260817_v1/smcnr_sweep_0000_baseline,smcnr_se_2st_amp,,cap_count,33.0,33.07757957453266,0.07757957453266329,0.07757957453266329
ridge_regression,smcnr_sizing_sweep_20260817_v1/smcnr_sweep_0000_baseline,smcnr_se_2st_amp,,total_cap_ff,764.45058,741.639176230447,-22.811403769552953,22.811403769552953
ridge_regression,smcnr_sizing_sweep_20260817_v1/smcnr_sweep_0000_baseline,smcnr_se_2st_amp,,output_node_cap_ff,645.62162,614.505509226945,-31.11611077305497,31.11611077305497
ridge_regression,smcnr_sizing_sweep_20260817_v1/smcnr_sweep_0001_diff_pair_w_m5pct,smcnr_se_2st_amp,,cap_count,33.0,33.07757957453266,0.07757957453266329,0.07757957453266329
ridge_regression,smcnr_sizing_sweep_20260817_v1/smcnr_sweep_0001_diff_pair_w_m5pct,smcnr_se_2st_amp,,total_cap_ff,763.42667,741.695754632131,-21.730915367868988,21.730915367868988
ridge_regression,smcnr_sizing_sweep_20260817_v1/smcnr_sweep_0001_diff_pair_w_m5pct,smcnr_se_2st_amp,,output_node_cap_ff,645.54552,614.5097143000161,-31.03580569998394,31.03580569998394
ridge_regression,smcnr_sizing_sweep_20260817_v1/smcnr_sweep_0002_diff_pair_w_p5pct,smcnr_se_2st_amp,,cap_count,33.0,33.21386003384883,0.21386003384883168,0.21386003384883168
ridge_regression,smcnr_sizing_sweep_20260817_v1/smcnr_sweep_0002_diff_pair_w_p5pct,smcnr_se_2st_amp,,total_cap_ff,765.46556,563.3340269644361,-202.13153303556385,202.13153303556385
ridge_regression,smcnr_sizing_sweep_20260817_v1/smcnr_sweep_0002_diff_pair_w_p5pct,smcnr_se_2st_amp,,output_node_cap_ff,645.69675,618.7212880624966,-26.975461937503383,26.975461937503383
ridge_regression,smcnr_sizing_sweep_20260817_v1/smcnr_sweep_0003_load_nmos_w_mstep,smcnr_se_2st_amp,,cap_count,33.0,33.07757957453266,0.07757957453266329,0.07757957453266329
ridge_regression,smcnr_sizing_sweep_20260817_v1/smcnr_sweep_0003_load_nmos_w_mstep,smcnr_se_2st_amp,,total_cap_ff,764.47736,741.6376964425783,-22.83966355742166,22.83966355742166
ridge_regression,smcnr_sizing_sweep_20260817_v1/smcnr_sweep_0003_load_nmos_w_mstep,smcnr_se_2st_amp,,output_node_cap_ff,645.51523,614.5113880406642,-31.003841959335773,31.003841959335773
ridge_regression,smcnr_sizing_sweep_20260817_v1/smcnr_sweep_0004_load_nmos_w_pstep,smcnr_se_2st_amp,,cap_count,32.0,31.709642853179727,-0.29035714682027347,0.29035714682027347
ridge_regression,smcnr_sizing_sweep_20260817_v1/smcnr_sweep_0004_load_nmos_w_pstep,smcnr_se_2st_amp,,total_cap_ff,764.49436,670.8654694947726,-93.62889050522745,93.62889050522745
ridge_regression,smcnr_sizing_sweep_20260817_v1/smcnr_sweep_0004_load_nmos_w_pstep,smcnr_se_2st_amp,,output_node_cap_ff,645.71805,616.9881226667193,-28.72992733328067,28.72992733328067
ridge_regression,smcnr_sizing_sweep_20260817_v1/smcnr_sweep_0005_second_stage_pmos_w_p5pct,smcnr_se_2st_amp,,cap_count,33.0,33.077579574532656,0.07757957453265618,0.07757957453265618
ridge_regression,smcnr_sizing_sweep_20260817_v1/smcnr_sweep_0005_second_stage_pmos_w_p5pct,smcnr_se_2st_amp,,total_cap_ff,764.57809,741.6321303846233,-22.945959615376637,22.945959615376637
ridge_regression,smcnr_sizing_sweep_20260817_v1/smcnr_sweep_0005_second_stage_pmos_w_p5pct,smcnr_se_2st_amp,,output_node_cap_ff,645.69652,614.5013704625163,-31.195149537483644,31.195149537483644
ridge_regression,smcnr_sizing_sweep_20260817_v1/smcnr_sweep_0006_second_stage_pmos_w_p10pct,smcnr_se_2st_amp,,cap_count,33.0,33.077579574532656,0.07757957453265618,0.07757957453265618
ridge_regression,smcnr_sizing_sweep_20260817_v1/smcnr_sweep_0006_second_stage_pmos_w_p10pct,smcnr_se_2st_amp,,total_cap_ff,764.70333,741.6252099726458,-23.078120027354203,23.078120027354203
ridge_regression,smcnr_sizing_sweep_20260817_v1/smcnr_sweep_0006_second_stage_pmos_w_p10pct,smcnr_se_2st_amp,,output_node_cap_ff,645.7717,614.4972162260711,-31.274483773928864,31.274483773928864
ridge_regression,smcnr_sizing_sweep_20260817_v1/smcnr_sweep_0007_second_stage_nmos_w_p5pct,smcnr_se_2st_amp,,cap_count,32.0,31.709642853179727,-0.29035714682027347,0.29035714682027347
ridge_regression,smcnr_sizing_sweep_20260817_v1/smcnr_sweep_0007_second_stage_nmos_w_p5pct,smcnr_se_2st_amp,,total_cap_ff,763.63822,670.913395394314,-92.72482460568608,92.72482460568608
ridge_regression,smcnr_sizing_sweep_20260817_v1/smcnr_sweep_0007_second_stage_nmos_w_p5pct,smcnr_se_2st_amp,,output_node_cap_ff,644.98095,617.0293848207507,-27.951565179249314,27.951565179249314
ridge_regression,smcnr_sizing_sweep_combo_20260817_v1/smcnr_combo_0008_diff_m_load_m,smcnr_se_2st_amp,,cap_count,33.0,33.077579574532656,0.07757957453265618,0.07757957453265618
ridge_regression,smcnr_sizing_sweep_combo_20260817_v1/smcnr_combo_0008_diff_m_load_m,smcnr_se_2st_amp,,total_cap_ff,763.45471,741.694205220188,-21.76050477981198,21.76050477981198
ridge_regression,smcnr_sizing_sweep_combo_20260817_v1/smcnr_combo_0008_diff_m_load_m,smcnr_se_2st_amp,,output_node_cap_ff,645.43913,614.5155931137352,-30.923536886264742,30.923536886264742
ridge_regression,smcnr_sizing_sweep_combo_20260817_v1/smcnr_combo_0009_diff_m_load_p,smcnr_se_2st_amp,,cap_count,32.0,31.709642853179727,-0.29035714682027347,0.29035714682027347
ridge_regression,smcnr_sizing_sweep_combo_20260817_v1/smcnr_combo_0009_diff_m_load_p,smcnr_se_2st_amp,,total_cap_ff,763.47053,670.9227825203618,-92.54774747963825,92.54774747963825
ridge_regression,smcnr_sizing_sweep_combo_20260817_v1/smcnr_combo_0009_diff_m_load_p,smcnr_se_2st_amp,,output_node_cap_ff,645.64185,616.9923882699444,-28.649461730055577,28.649461730055577
ridge_regression,smcnr_sizing_sweep_combo_20260817_v1/smcnr_combo_0010_diff_p_load_m,smcnr_se_2st_amp,,cap_count,33.0,33.21386003384883,0.21386003384883168,0.21386003384883168
ridge_regression,smcnr_sizing_sweep_combo_20260817_v1/smcnr_combo_0010_diff_p_load_m,smcnr_se_2st_amp,,total_cap_ff,765.49032,563.3326302407202,-202.15768975927983,202.15768975927983
ridge_regression,smcnr_sizing_sweep_combo_20260817_v1/smcnr_combo_0010_diff_p_load_m,smcnr_se_2st_amp,,output_node_cap_ff,645.59025,618.7272957796145,-26.862954220385518,26.862954220385518
ridge_regression,smcnr_sizing_sweep_combo_20260817_v1/smcnr_combo_0011_diff_p_load_p,smcnr_se_2st_amp,,cap_count,32.0,31.709642853179727,-0.29035714682027347,0.29035714682027347
ridge_regression,smcnr_sizing_sweep_combo_20260817_v1/smcnr_combo_0011_diff_p_load_p,smcnr_se_2st_amp,,total_cap_ff,765.51024,670.8086015025908,-94.70163849740914,94.70163849740914
ridge_regression,smcnr_sizing_sweep_combo_20260817_v1/smcnr_combo_0011_diff_p_load_p,smcnr_se_2st_amp,,output_node_cap_ff,645.79409,616.9838660201415,-28.810223979858506,28.810223979858506
ridge_regression,smcnr_sizing_sweep_combo_20260817_v1/smcnr_combo_0012_diff_p_pmos_p5,smcnr_se_2st_amp,,cap_count,33.0,33.21386003384883,0.21386003384883168,0.21386003384883168
ridge_regression,smcnr_sizing_sweep_combo_20260817_v1/smcnr_combo_0012_diff_p_pmos_p5,smcnr_se_2st_amp,,total_cap_ff,765.59308,563.3268334988318,-202.2662465011682,202.2662465011682
ridge_regression,smcnr_sizing_sweep_combo_20260817_v1/smcnr_combo_0012_diff_p_pmos_p5,smcnr_se_2st_amp,,output_node_cap_ff,645.77166,618.7170623527378,-27.0545976472622,27.0545976472622
ridge_regression,smcnr_sizing_sweep_combo_20260817_v1/smcnr_combo_0013_diff_m_pmos_p10,smcnr_se_2st_amp,,cap_count,33.0,33.077579574532656,0.07757957453265618,0.07757957453265618
ridge_regression,smcnr_sizing_sweep_combo_20260817_v1/smcnr_combo_0013_diff_m_pmos_p10,smcnr_se_2st_amp,,total_cap_ff,763.6796,741.6817784280335,-21.997821571966597,21.997821571966597
ridge_regression,smcnr_sizing_sweep_combo_20260817_v1/smcnr_combo_0013_diff_m_pmos_p10,smcnr_se_2st_amp,,output_node_cap_ff,645.69559,614.5014218517143,-31.194168148285712,31.194168148285712
ridge_regression,smcnr_sizing_sweep_combo_20260817_v1/smcnr_combo_0014_load_p_nmos_p5,smcnr_se_2st_amp,,cap_count,32.0,31.709642853179727,-0.29035714682027347,0.29035714682027347
ridge_regression,smcnr_sizing_sweep_combo_20260817_v1/smcnr_combo_0014_load_p_nmos_p5,smcnr_se_2st_amp,,total_cap_ff,763.67029,670.9116001463428,-92.75868985365719,92.75868985365719
ridge_regression,smcnr_sizing_sweep_combo_20260817_v1/smcnr_combo_0014_load_p_nmos_p5,smcnr_se_2st_amp,,output_node_cap_ff,645.06645,617.0245986124078,-28.04185138759226,28.04185138759226
ridge_regression,smcnr_sizing_sweep_combo_20260817_v1/smcnr_combo_0015_pmos_p10_nmos_p5,smcnr_se_2st_amp,,cap_count,32.0,31.709642853179727,-0.29035714682027347,0.29035714682027347
ridge_regression,smcnr_sizing_sweep_combo_20260817_v1/smcnr_combo_0015_pmos_p10_nmos_p5,smcnr_se_2st_amp,,total_cap_ff,763.88934,670.899337936547,-92.99000206345295,92.99000206345295
ridge_regression,smcnr_sizing_sweep_combo_20260817_v1/smcnr_combo_0015_pmos_p10_nmos_p5,smcnr_se_2st_amp,,output_node_cap_ff,645.13088,617.0209918825417,-28.109888117458354,28.109888117458354
ridge_regression,tan_clia_pin_3:cand_0001,tan_clia_pin_3,,cap_count,130.0,130.05798706622664,0.0579870662266444,0.0579870662266444
ridge_regression,tan_clia_pin_3:cand_0001,tan_clia_pin_3,,total_cap_ff,134.28059,1287.1693366638963,1152.8887466638962,1152.8887466638962
ridge_regression,tan_clia_pin_3:cand_0001,tan_clia_pin_3,,output_node_cap_ff,3.27131,30.864737925973404,27.593427925973405,27.593427925973405
ridge_regression,yan_az_pin_3:cand_0001,yan_az_pin_3,,cap_count,114.0,114.6798877601913,0.6798877601913063,0.6798877601913063
ridge_regression,yan_az_pin_3:cand_0001,yan_az_pin_3,,total_cap_ff,135.3599,925.9685349104408,790.6086349104407,790.6086349104407
ridge_regression,yan_az_pin_3:cand_0001,yan_az_pin_3,,output_node_cap_ff,2.52636,31.519382247803513,28.993022247803513,28.993022247803513
