sample_uid,batch_id,candidate_id,design_id,admission_status,best_closure_level,failure_stage,graph_training_admitted,raw_pex_available,physical_closure_failed_no_raw_pex,simulation_timeout_or_hang,m12_m,pex_cap_count,pex_total_cap_ff,raw_spice_sha256,source_state_path,source_state_resolved
grpo_admission_20260822_batch_v2/grpo_leung_dfcfc2_0000,grpo_admission_20260822_batch_v2,grpo_leung_dfcfc2_0000,leung_dfcfc2_pin_3,admitted_raw_pex_graph,L6_post_layout_pvt,,1,1,0,0,389.0,131,1762.34211,319f68880e9a25da093e4a712a6150b14bb2c04e238ec7274b3dbba4005946ad,generated/analog_harness/grpo_batch_v2_l1_l6_admission_20260822/l0_replay_preparation/source_states/grpo_leung_dfcfc2_0000.source_state.json,/home/qlf/IOT/references/pcs-harness-align-origin-main-20260815/generated/analog_harness/grpo_batch_v2_l1_l6_admission_20260822/l0_replay_preparation/source_states/grpo_leung_dfcfc2_0000.source_state.json
grpo_admission_20260822_batch_v2/grpo_leung_dfcfc2_0001,grpo_admission_20260822_batch_v2,grpo_leung_dfcfc2_0001,leung_dfcfc2_pin_3,physical_closure_failed,L2_pre_layout_pvt,magical_place_route,0,0,1,0,442.0,,,,generated/analog_harness/grpo_batch_v2_l1_l6_admission_20260822/l0_replay_preparation/source_states/grpo_leung_dfcfc2_0001.source_state.json,/home/qlf/IOT/references/pcs-harness-align-origin-main-20260815/generated/analog_harness/grpo_batch_v2_l1_l6_admission_20260822/l0_replay_preparation/source_states/grpo_leung_dfcfc2_0001.source_state.json
grpo_admission_20260822_batch_v2/grpo_leung_dfcfc2_0002,grpo_admission_20260822_batch_v2,grpo_leung_dfcfc2_0002,leung_dfcfc2_pin_3,physical_closure_failed,L2_pre_layout_pvt,magical_place_route,0,0,1,0,393.0,,,,generated/analog_harness/grpo_batch_v2_l1_l6_admission_20260822/l0_replay_preparation/source_states/grpo_leung_dfcfc2_0002.source_state.json,/home/qlf/IOT/references/pcs-harness-align-origin-main-20260815/generated/analog_harness/grpo_batch_v2_l1_l6_admission_20260822/l0_replay_preparation/source_states/grpo_leung_dfcfc2_0002.source_state.json
grpo_admission_20260822_batch_v2/grpo_leung_dfcfc2_0003,grpo_admission_20260822_batch_v2,grpo_leung_dfcfc2_0003,leung_dfcfc2_pin_3,physical_closure_failed,L2_pre_layout_pvt,magical_place_route,0,0,1,0,444.0,,,,generated/analog_harness/grpo_batch_v2_l1_l6_admission_20260822/l0_replay_preparation/source_states/grpo_leung_dfcfc2_0003.source_state.json,/home/qlf/IOT/references/pcs-harness-align-origin-main-20260815/generated/analog_harness/grpo_batch_v2_l1_l6_admission_20260822/l0_replay_preparation/source_states/grpo_leung_dfcfc2_0003.source_state.json
grpo_admission_20260822_batch_v2/grpo_leung_dfcfc2_0004,grpo_admission_20260822_batch_v2,grpo_leung_dfcfc2_0004,leung_dfcfc2_pin_3,physical_closure_failed,L2_pre_layout_pvt,magical_place_route,0,0,1,0,437.0,,,,generated/analog_harness/grpo_batch_v2_l1_l6_admission_20260822/l0_replay_preparation/source_states/grpo_leung_dfcfc2_0004.source_state.json,/home/qlf/IOT/references/pcs-harness-align-origin-main-20260815/generated/analog_harness/grpo_batch_v2_l1_l6_admission_20260822/l0_replay_preparation/source_states/grpo_leung_dfcfc2_0004.source_state.json
grpo_admission_20260822_batch_v2/grpo_leung_dfcfc2_0005,grpo_admission_20260822_batch_v2,grpo_leung_dfcfc2_0005,leung_dfcfc2_pin_3,raw_pex_available_not_l6,L2_pre_layout_pvt,connectivity_lvs,0,1,0,0,339.0,119,2631.76498,da871aedfd3e6be04a7c84f7bab5306b20882cc6ba6559cfa3db5208f71c61d0,generated/analog_harness/grpo_batch_v2_l1_l6_admission_20260822/l0_replay_preparation/source_states/grpo_leung_dfcfc2_0005.source_state.json,/home/qlf/IOT/references/pcs-harness-align-origin-main-20260815/generated/analog_harness/grpo_batch_v2_l1_l6_admission_20260822/l0_replay_preparation/source_states/grpo_leung_dfcfc2_0005.source_state.json
grpo_admission_20260822_batch_v2/grpo_leung_dfcfc2_0006,grpo_admission_20260822_batch_v2,grpo_leung_dfcfc2_0006,leung_dfcfc2_pin_3,raw_pex_available_not_l6,L2_pre_layout_pvt,connectivity_lvs,0,1,0,0,350.0,105,4025.11998,6344cbfca4b3df281d162092a3fd1e4fce0c85b9cf3066d1560b62dcb1304fd8,generated/analog_harness/grpo_batch_v2_l1_l6_admission_20260822/l0_replay_preparation/source_states/grpo_leung_dfcfc2_0006.source_state.json,/home/qlf/IOT/references/pcs-harness-align-origin-main-20260815/generated/analog_harness/grpo_batch_v2_l1_l6_admission_20260822/l0_replay_preparation/source_states/grpo_leung_dfcfc2_0006.source_state.json
grpo_admission_20260822_batch_v2/grpo_leung_dfcfc2_0007,grpo_admission_20260822_batch_v2,grpo_leung_dfcfc2_0007,leung_dfcfc2_pin_3,physical_closure_failed,L2_pre_layout_pvt,magical_place_route,0,0,1,0,449.0,,,,generated/analog_harness/grpo_batch_v2_l1_l6_admission_20260822/l0_replay_preparation/source_states/grpo_leung_dfcfc2_0007.source_state.json,/home/qlf/IOT/references/pcs-harness-align-origin-main-20260815/generated/analog_harness/grpo_batch_v2_l1_l6_admission_20260822/l0_replay_preparation/source_states/grpo_leung_dfcfc2_0007.source_state.json
grpo_admission_20260822_batch_v2/grpo_leung_dfcfc2_0008,grpo_admission_20260822_batch_v2,grpo_leung_dfcfc2_0008,leung_dfcfc2_pin_3,admitted_raw_pex_graph,L6_post_layout_pvt,,1,1,0,0,367.0,112,5781.05423,6329ba1858983976632ec874d9eccbbb69076dcf4672073e65af6e62d693f5a6,generated/analog_harness/grpo_batch_v2_l1_l6_admission_20260822/l0_replay_preparation/source_states/grpo_leung_dfcfc2_0008.source_state.json,/home/qlf/IOT/references/pcs-harness-align-origin-main-20260815/generated/analog_harness/grpo_batch_v2_l1_l6_admission_20260822/l0_replay_preparation/source_states/grpo_leung_dfcfc2_0008.source_state.json
grpo_admission_20260822_batch_v2/grpo_leung_dfcfc2_0009,grpo_admission_20260822_batch_v2,grpo_leung_dfcfc2_0009,leung_dfcfc2_pin_3,physical_closure_failed,L2_pre_layout_pvt,magical_place_route,0,0,1,0,352.0,,,,generated/analog_harness/grpo_batch_v2_l1_l6_admission_20260822/l0_replay_preparation/source_states/grpo_leung_dfcfc2_0009.source_state.json,/home/qlf/IOT/references/pcs-harness-align-origin-main-20260815/generated/analog_harness/grpo_batch_v2_l1_l6_admission_20260822/l0_replay_preparation/source_states/grpo_leung_dfcfc2_0009.source_state.json
grpo_admission_20260822_batch_v2/grpo_leung_dfcfc2_0010,grpo_admission_20260822_batch_v2,grpo_leung_dfcfc2_0010,leung_dfcfc2_pin_3,physical_closure_failed,L2_pre_layout_pvt,magical_place_route,0,0,1,0,397.0,,,,generated/analog_harness/grpo_batch_v2_l1_l6_admission_20260822/l0_replay_preparation/source_states/grpo_leung_dfcfc2_0010.source_state.json,/home/qlf/IOT/references/pcs-harness-align-origin-main-20260815/generated/analog_harness/grpo_batch_v2_l1_l6_admission_20260822/l0_replay_preparation/source_states/grpo_leung_dfcfc2_0010.source_state.json
grpo_admission_20260822_batch_v2/grpo_leung_dfcfc2_0011,grpo_admission_20260822_batch_v2,grpo_leung_dfcfc2_0011,leung_dfcfc2_pin_3,admitted_raw_pex_graph,L6_post_layout_pvt,,1,1,0,0,337.0,129,3656.83521,7dc7fc86f884ce02f43ddc464e72f42e91be124f6b44e7d9a4825974db9b2086,generated/analog_harness/grpo_batch_v2_l1_l6_admission_20260822/l0_replay_preparation/source_states/grpo_leung_dfcfc2_0011.source_state.json,/home/qlf/IOT/references/pcs-harness-align-origin-main-20260815/generated/analog_harness/grpo_batch_v2_l1_l6_admission_20260822/l0_replay_preparation/source_states/grpo_leung_dfcfc2_0011.source_state.json
grpo_admission_20260822_batch_v3_controlled/grpo_leung_dfcfc2_0000,grpo_admission_20260822_batch_v3_controlled,grpo_leung_dfcfc2_0000,leung_dfcfc2_pin_3,raw_pex_available_not_l6,L2_pre_layout_pvt,post_layout_or_lvs_not_l6,0,1,0,0,331.0,124,1565.48117,104e0d8bde6d2a3a000a45213e492c8257ecd27c59ffcce83daf78fdb0cf0f1c,generated/analog_harness/grpo_batch_v3_l1_l6_admission_20260822/l0_replay_preparation/source_states/grpo_leung_dfcfc2_0000.source_state.json,/home/qlf/IOT/references/pcs-harness-align-origin-main-20260815/generated/analog_harness/grpo_batch_v3_l1_l6_admission_20260822/l0_replay_preparation/source_states/grpo_leung_dfcfc2_0000.source_state.json
grpo_admission_20260822_batch_v3_controlled/grpo_leung_dfcfc2_0001,grpo_admission_20260822_batch_v3_controlled,grpo_leung_dfcfc2_0001,leung_dfcfc2_pin_3,physical_closure_failed,L2_pre_layout_pvt,magical_place_route,0,0,1,0,336.0,,,,generated/analog_harness/grpo_batch_v3_l1_l6_admission_20260822/l0_replay_preparation/source_states/grpo_leung_dfcfc2_0001.source_state.json,/home/qlf/IOT/references/pcs-harness-align-origin-main-20260815/generated/analog_harness/grpo_batch_v3_l1_l6_admission_20260822/l0_replay_preparation/source_states/grpo_leung_dfcfc2_0001.source_state.json
grpo_admission_20260822_batch_v3_controlled/grpo_leung_dfcfc2_0002,grpo_admission_20260822_batch_v3_controlled,grpo_leung_dfcfc2_0002,leung_dfcfc2_pin_3,admitted_raw_pex_graph,L6_post_layout_pvt,,1,1,0,0,339.0,118,2001.61333,99bf8ec9e4c41dd9eed51eeaa4055bbe9f9782c2d497e0f1894de55319ddca01,generated/analog_harness/grpo_batch_v3_l1_l6_admission_20260822/l0_replay_preparation/source_states/grpo_leung_dfcfc2_0002.source_state.json,/home/qlf/IOT/references/pcs-harness-align-origin-main-20260815/generated/analog_harness/grpo_batch_v3_l1_l6_admission_20260822/l0_replay_preparation/source_states/grpo_leung_dfcfc2_0002.source_state.json
grpo_admission_20260822_batch_v3_controlled/grpo_leung_dfcfc2_0003,grpo_admission_20260822_batch_v3_controlled,grpo_leung_dfcfc2_0003,leung_dfcfc2_pin_3,physical_closure_failed,L2_pre_layout_pvt,magical_place_route,0,0,1,0,356.0,,,,generated/analog_harness/grpo_batch_v3_l1_l6_admission_20260822/l0_replay_preparation/source_states/grpo_leung_dfcfc2_0003.source_state.json,/home/qlf/IOT/references/pcs-harness-align-origin-main-20260815/generated/analog_harness/grpo_batch_v3_l1_l6_admission_20260822/l0_replay_preparation/source_states/grpo_leung_dfcfc2_0003.source_state.json
grpo_admission_20260822_batch_v3_controlled/grpo_leung_dfcfc2_0004,grpo_admission_20260822_batch_v3_controlled,grpo_leung_dfcfc2_0004,leung_dfcfc2_pin_3,raw_pex_available_not_l6,L2_pre_layout_pvt,post_layout_or_lvs_not_l6,0,1,0,0,363.0,109,4461.6688,eaadf1ec6aca15a7a40c2c91591c0fe88a3d5f0cb8797a365e92a6b9ea4ab422,generated/analog_harness/grpo_batch_v3_l1_l6_admission_20260822/l0_replay_preparation/source_states/grpo_leung_dfcfc2_0004.source_state.json,/home/qlf/IOT/references/pcs-harness-align-origin-main-20260815/generated/analog_harness/grpo_batch_v3_l1_l6_admission_20260822/l0_replay_preparation/source_states/grpo_leung_dfcfc2_0004.source_state.json
grpo_admission_20260822_batch_v3_controlled/grpo_leung_dfcfc2_0005,grpo_admission_20260822_batch_v3_controlled,grpo_leung_dfcfc2_0005,leung_dfcfc2_pin_3,admitted_raw_pex_graph,L6_post_layout_pvt,,1,1,0,0,375.0,135,3351.97493,db2688cc59e17d4e6639024d144539b90b8f292f7fd0b0e431e2905b70a96b4f,generated/analog_harness/grpo_batch_v3_l1_l6_admission_20260822/l0_replay_preparation/source_states/grpo_leung_dfcfc2_0005.source_state.json,/home/qlf/IOT/references/pcs-harness-align-origin-main-20260815/generated/analog_harness/grpo_batch_v3_l1_l6_admission_20260822/l0_replay_preparation/source_states/grpo_leung_dfcfc2_0005.source_state.json
grpo_admission_20260822_batch_v3_controlled/grpo_leung_dfcfc2_0006,grpo_admission_20260822_batch_v3_controlled,grpo_leung_dfcfc2_0006,leung_dfcfc2_pin_3,physical_closure_failed,L2_pre_layout_pvt,magical_place_route,0,0,1,0,380.0,,,,generated/analog_harness/grpo_batch_v3_l1_l6_admission_20260822/l0_replay_preparation/source_states/grpo_leung_dfcfc2_0006.source_state.json,/home/qlf/IOT/references/pcs-harness-align-origin-main-20260815/generated/analog_harness/grpo_batch_v3_l1_l6_admission_20260822/l0_replay_preparation/source_states/grpo_leung_dfcfc2_0006.source_state.json
grpo_admission_20260822_batch_v3_controlled/grpo_leung_dfcfc2_0007,grpo_admission_20260822_batch_v3_controlled,grpo_leung_dfcfc2_0007,leung_dfcfc2_pin_3,physical_closure_failed,L2_pre_layout_pvt,magical_place_route,0,0,1,0,390.0,,,,generated/analog_harness/grpo_batch_v3_l1_l6_admission_20260822/l0_replay_preparation/source_states/grpo_leung_dfcfc2_0007.source_state.json,/home/qlf/IOT/references/pcs-harness-align-origin-main-20260815/generated/analog_harness/grpo_batch_v3_l1_l6_admission_20260822/l0_replay_preparation/source_states/grpo_leung_dfcfc2_0007.source_state.json
grpo_admission_20260822_batch_v3_controlled/grpo_leung_dfcfc2_0008,grpo_admission_20260822_batch_v3_controlled,grpo_leung_dfcfc2_0008,leung_dfcfc2_pin_3,physical_closure_failed,L2_pre_layout_pvt,magical_place_route,0,0,1,0,390.0,,,,generated/analog_harness/grpo_batch_v3_l1_l6_admission_20260822/l0_replay_preparation/source_states/grpo_leung_dfcfc2_0008.source_state.json,/home/qlf/IOT/references/pcs-harness-align-origin-main-20260815/generated/analog_harness/grpo_batch_v3_l1_l6_admission_20260822/l0_replay_preparation/source_states/grpo_leung_dfcfc2_0008.source_state.json
grpo_admission_20260822_batch_v3_controlled/grpo_leung_dfcfc2_0009,grpo_admission_20260822_batch_v3_controlled,grpo_leung_dfcfc2_0009,leung_dfcfc2_pin_3,physical_closure_failed,L2_pre_layout_pvt,magical_place_route,0,0,1,0,390.0,,,,generated/analog_harness/grpo_batch_v3_l1_l6_admission_20260822/l0_replay_preparation/source_states/grpo_leung_dfcfc2_0009.source_state.json,/home/qlf/IOT/references/pcs-harness-align-origin-main-20260815/generated/analog_harness/grpo_batch_v3_l1_l6_admission_20260822/l0_replay_preparation/source_states/grpo_leung_dfcfc2_0009.source_state.json
grpo_admission_20260822_batch_v3_controlled/grpo_leung_dfcfc2_0010,grpo_admission_20260822_batch_v3_controlled,grpo_leung_dfcfc2_0010,leung_dfcfc2_pin_3,admitted_raw_pex_graph,L6_post_layout_pvt,,1,1,0,0,392.0,129,2365.25273,b5d20d446e4deda88667ef1142a1663630706e6eae317cadbb460598d8ac00e0,generated/analog_harness/grpo_batch_v3_l1_l6_admission_20260822/l0_replay_preparation/source_states/grpo_leung_dfcfc2_0010.source_state.json,/home/qlf/IOT/references/pcs-harness-align-origin-main-20260815/generated/analog_harness/grpo_batch_v3_l1_l6_admission_20260822/l0_replay_preparation/source_states/grpo_leung_dfcfc2_0010.source_state.json
grpo_admission_20260822_batch_v3_controlled/grpo_leung_dfcfc2_0011,grpo_admission_20260822_batch_v3_controlled,grpo_leung_dfcfc2_0011,leung_dfcfc2_pin_3,admitted_raw_pex_graph,L6_post_layout_pvt,,1,1,0,0,394.0,112,1991.44623,75338bc53fa99c9824c2960692379d99482861c704e12d83a0359705558d5f17,generated/analog_harness/grpo_batch_v3_l1_l6_admission_20260822/l0_replay_preparation/source_states/grpo_leung_dfcfc2_0011.source_state.json,/home/qlf/IOT/references/pcs-harness-align-origin-main-20260815/generated/analog_harness/grpo_batch_v3_l1_l6_admission_20260822/l0_replay_preparation/source_states/grpo_leung_dfcfc2_0011.source_state.json
grpo_admission_20260822_batch_v4_classifier_guided_stratified/grpo_leung_dfcfc2_0000,grpo_admission_20260822_batch_v4_classifier_guided_stratified,grpo_leung_dfcfc2_0000,leung_dfcfc2_pin_3,admitted_raw_pex_graph,L6_post_layout_pvt,,1,1,0,0,100.0,122,1843.24312,629f90e26d186f168fb1f4445e52092983de32d820f0441b8b5be6a99fdbed0e,generated/analog_harness/grpo_batch_v4_l1_l6_admission_20260822/l0_replay_preparation/source_states/grpo_leung_dfcfc2_0000.source_state.json,/home/qlf/IOT/references/pcs-harness-align-origin-main-20260815/generated/analog_harness/grpo_batch_v4_l1_l6_admission_20260822/l0_replay_preparation/source_states/grpo_leung_dfcfc2_0000.source_state.json
grpo_admission_20260822_batch_v4_classifier_guided_stratified/grpo_leung_dfcfc2_0001,grpo_admission_20260822_batch_v4_classifier_guided_stratified,grpo_leung_dfcfc2_0001,leung_dfcfc2_pin_3,physical_closure_failed,L2_pre_layout_pvt,magical_place_route,0,0,1,0,154.0,,,,generated/analog_harness/grpo_batch_v4_l1_l6_admission_20260822/l0_replay_preparation/source_states/grpo_leung_dfcfc2_0001.source_state.json,/home/qlf/IOT/references/pcs-harness-align-origin-main-20260815/generated/analog_harness/grpo_batch_v4_l1_l6_admission_20260822/l0_replay_preparation/source_states/grpo_leung_dfcfc2_0001.source_state.json
grpo_admission_20260822_batch_v4_classifier_guided_stratified/grpo_leung_dfcfc2_0002,grpo_admission_20260822_batch_v4_classifier_guided_stratified,grpo_leung_dfcfc2_0002,leung_dfcfc2_pin_3,admitted_raw_pex_graph,L6_post_layout_pvt,,1,1,0,0,161.0,129,1287.5445,3ae489e2fd52208264747c8db906c2f1e17302670f10f89e00d8b57dbb27dc38,generated/analog_harness/grpo_batch_v4_l1_l6_admission_20260822/l0_replay_preparation/source_states/grpo_leung_dfcfc2_0002.source_state.json,/home/qlf/IOT/references/pcs-harness-align-origin-main-20260815/generated/analog_harness/grpo_batch_v4_l1_l6_admission_20260822/l0_replay_preparation/source_states/grpo_leung_dfcfc2_0002.source_state.json
grpo_admission_20260822_batch_v4_classifier_guided_stratified/grpo_leung_dfcfc2_0003,grpo_admission_20260822_batch_v4_classifier_guided_stratified,grpo_leung_dfcfc2_0003,leung_dfcfc2_pin_3,physical_closure_failed,L2_pre_layout_pvt,magical_place_route,0,0,1,0,100.0,,,,generated/analog_harness/grpo_batch_v4_l1_l6_admission_20260822/l0_replay_preparation/source_states/grpo_leung_dfcfc2_0003.source_state.json,/home/qlf/IOT/references/pcs-harness-align-origin-main-20260815/generated/analog_harness/grpo_batch_v4_l1_l6_admission_20260822/l0_replay_preparation/source_states/grpo_leung_dfcfc2_0003.source_state.json
grpo_admission_20260822_batch_v4_classifier_guided_stratified/grpo_leung_dfcfc2_0004,grpo_admission_20260822_batch_v4_classifier_guided_stratified,grpo_leung_dfcfc2_0004,leung_dfcfc2_pin_3,physical_closure_failed,L2_pre_layout_pvt,magical_place_route,0,0,1,0,100.0,,,,generated/analog_harness/grpo_batch_v4_l1_l6_admission_20260822/l0_replay_preparation/source_states/grpo_leung_dfcfc2_0004.source_state.json,/home/qlf/IOT/references/pcs-harness-align-origin-main-20260815/generated/analog_harness/grpo_batch_v4_l1_l6_admission_20260822/l0_replay_preparation/source_states/grpo_leung_dfcfc2_0004.source_state.json
grpo_admission_20260822_batch_v4_classifier_guided_stratified/grpo_leung_dfcfc2_0005,grpo_admission_20260822_batch_v4_classifier_guided_stratified,grpo_leung_dfcfc2_0005,leung_dfcfc2_pin_3,physical_closure_failed,L2_pre_layout_pvt,magical_place_route,0,0,1,0,149.0,,,,generated/analog_harness/grpo_batch_v4_l1_l6_admission_20260822/l0_replay_preparation/source_states/grpo_leung_dfcfc2_0005.source_state.json,/home/qlf/IOT/references/pcs-harness-align-origin-main-20260815/generated/analog_harness/grpo_batch_v4_l1_l6_admission_20260822/l0_replay_preparation/source_states/grpo_leung_dfcfc2_0005.source_state.json
grpo_admission_20260822_batch_v4_classifier_guided_stratified/grpo_leung_dfcfc2_0006,grpo_admission_20260822_batch_v4_classifier_guided_stratified,grpo_leung_dfcfc2_0006,leung_dfcfc2_pin_3,physical_closure_failed,L2_pre_layout_pvt,magical_place_route,0,0,1,0,161.0,,,,generated/analog_harness/grpo_batch_v4_l1_l6_admission_20260822/l0_replay_preparation/source_states/grpo_leung_dfcfc2_0006.source_state.json,/home/qlf/IOT/references/pcs-harness-align-origin-main-20260815/generated/analog_harness/grpo_batch_v4_l1_l6_admission_20260822/l0_replay_preparation/source_states/grpo_leung_dfcfc2_0006.source_state.json
grpo_admission_20260822_batch_v4_classifier_guided_stratified/grpo_leung_dfcfc2_0007,grpo_admission_20260822_batch_v4_classifier_guided_stratified,grpo_leung_dfcfc2_0007,leung_dfcfc2_pin_3,admitted_raw_pex_graph,L6_post_layout_pvt,,1,1,0,0,222.0,135,3228.24591,ddb8376a1002aa9971d973d34ca52eaafa6dd5e32675ac804b92cb981cd56d82,generated/analog_harness/grpo_batch_v4_l1_l6_admission_20260822/l0_replay_preparation/source_states/grpo_leung_dfcfc2_0007.source_state.json,/home/qlf/IOT/references/pcs-harness-align-origin-main-20260815/generated/analog_harness/grpo_batch_v4_l1_l6_admission_20260822/l0_replay_preparation/source_states/grpo_leung_dfcfc2_0007.source_state.json
grpo_admission_20260822_batch_v4_classifier_guided_stratified/grpo_leung_dfcfc2_0008,grpo_admission_20260822_batch_v4_classifier_guided_stratified,grpo_leung_dfcfc2_0008,leung_dfcfc2_pin_3,physical_closure_failed,L2_pre_layout_pvt,magical_place_route,0,0,1,0,500.0,,,,generated/analog_harness/grpo_batch_v4_l1_l6_admission_20260822/l0_replay_preparation/source_states/grpo_leung_dfcfc2_0008.source_state.json,/home/qlf/IOT/references/pcs-harness-align-origin-main-20260815/generated/analog_harness/grpo_batch_v4_l1_l6_admission_20260822/l0_replay_preparation/source_states/grpo_leung_dfcfc2_0008.source_state.json
grpo_admission_20260822_batch_v4_classifier_guided_stratified/grpo_leung_dfcfc2_0009,grpo_admission_20260822_batch_v4_classifier_guided_stratified,grpo_leung_dfcfc2_0009,leung_dfcfc2_pin_3,simulation_timeout_or_hang,,simulation_timeout_or_hang,0,1,0,1,478.0,126,4723.97059,fe5ca684bc92b2a4a05a8cb53be6584291983330997286312989d6b4dfa07d39,generated/analog_harness/grpo_batch_v4_l1_l6_admission_20260822/l0_replay_preparation/source_states/grpo_leung_dfcfc2_0009.source_state.json,/home/qlf/IOT/references/pcs-harness-align-origin-main-20260815/generated/analog_harness/grpo_batch_v4_l1_l6_admission_20260822/l0_replay_preparation/source_states/grpo_leung_dfcfc2_0009.source_state.json
grpo_admission_20260822_batch_v4_classifier_guided_stratified/grpo_leung_dfcfc2_0010,grpo_admission_20260822_batch_v4_classifier_guided_stratified,grpo_leung_dfcfc2_0010,leung_dfcfc2_pin_3,admitted_raw_pex_graph,L6_post_layout_pvt,,1,1,0,0,100.0,111,1444.80572,26e9def99123cb26b7d2698fd38023bbf355366ea71f1cd5a14ec45cef2fc2a0,generated/analog_harness/grpo_batch_v4_l1_l6_admission_20260822/l0_replay_preparation/source_states/grpo_leung_dfcfc2_0010.source_state.json,/home/qlf/IOT/references/pcs-harness-align-origin-main-20260815/generated/analog_harness/grpo_batch_v4_l1_l6_admission_20260822/l0_replay_preparation/source_states/grpo_leung_dfcfc2_0010.source_state.json
grpo_admission_20260822_batch_v4_classifier_guided_stratified/grpo_leung_dfcfc2_0011,grpo_admission_20260822_batch_v4_classifier_guided_stratified,grpo_leung_dfcfc2_0011,leung_dfcfc2_pin_3,physical_closure_failed,L2_pre_layout_pvt,magical_place_route,0,0,1,0,100.0,,,,generated/analog_harness/grpo_batch_v4_l1_l6_admission_20260822/l0_replay_preparation/source_states/grpo_leung_dfcfc2_0011.source_state.json,/home/qlf/IOT/references/pcs-harness-align-origin-main-20260815/generated/analog_harness/grpo_batch_v4_l1_l6_admission_20260822/l0_replay_preparation/source_states/grpo_leung_dfcfc2_0011.source_state.json
grpo_admission_20260822_batch_v4_classifier_guided_stratified/grpo_leung_dfcfc2_0012,grpo_admission_20260822_batch_v4_classifier_guided_stratified,grpo_leung_dfcfc2_0012,leung_dfcfc2_pin_3,simulation_timeout_or_hang,,simulation_timeout_or_hang,0,1,0,1,191.0,115,3128.1772,656dc6273c15b6b1c7a0241cd034a6a222ad43459783ab6b1fcb2cfda4d227ec,generated/analog_harness/grpo_batch_v4_l1_l6_admission_20260822/l0_replay_preparation/source_states/grpo_leung_dfcfc2_0012.source_state.json,/home/qlf/IOT/references/pcs-harness-align-origin-main-20260815/generated/analog_harness/grpo_batch_v4_l1_l6_admission_20260822/l0_replay_preparation/source_states/grpo_leung_dfcfc2_0012.source_state.json
grpo_admission_20260822_batch_v4_classifier_guided_stratified/grpo_leung_dfcfc2_0013,grpo_admission_20260822_batch_v4_classifier_guided_stratified,grpo_leung_dfcfc2_0013,leung_dfcfc2_pin_3,admitted_raw_pex_graph,L6_post_layout_pvt,,1,1,0,0,500.0,117,1887.57411,7f686a773ce8b759cc376cc4ec4d38b90c2771a334e8c22014c5c11ed2859ad0,generated/analog_harness/grpo_batch_v4_l1_l6_admission_20260822/l0_replay_preparation/source_states/grpo_leung_dfcfc2_0013.source_state.json,/home/qlf/IOT/references/pcs-harness-align-origin-main-20260815/generated/analog_harness/grpo_batch_v4_l1_l6_admission_20260822/l0_replay_preparation/source_states/grpo_leung_dfcfc2_0013.source_state.json
grpo_admission_20260822_batch_v4_classifier_guided_stratified/grpo_leung_dfcfc2_0014,grpo_admission_20260822_batch_v4_classifier_guided_stratified,grpo_leung_dfcfc2_0014,leung_dfcfc2_pin_3,physical_closure_failed,L2_pre_layout_pvt,magical_place_route,0,0,1,0,100.0,,,,generated/analog_harness/grpo_batch_v4_l1_l6_admission_20260822/l0_replay_preparation/source_states/grpo_leung_dfcfc2_0014.source_state.json,/home/qlf/IOT/references/pcs-harness-align-origin-main-20260815/generated/analog_harness/grpo_batch_v4_l1_l6_admission_20260822/l0_replay_preparation/source_states/grpo_leung_dfcfc2_0014.source_state.json
grpo_admission_20260822_batch_v4_classifier_guided_stratified/grpo_leung_dfcfc2_0015,grpo_admission_20260822_batch_v4_classifier_guided_stratified,grpo_leung_dfcfc2_0015,leung_dfcfc2_pin_3,raw_pex_available_not_l6,L2_pre_layout_pvt,post_layout_or_lvs_not_l6,0,1,0,0,446.0,88,1848.40686,9d16fa1c1c6aea46ee03b2bbefe7c8dc1488a8d666c984c4651040ef8bf58a0a,generated/analog_harness/grpo_batch_v4_l1_l6_admission_20260822/l0_replay_preparation/source_states/grpo_leung_dfcfc2_0015.source_state.json,/home/qlf/IOT/references/pcs-harness-align-origin-main-20260815/generated/analog_harness/grpo_batch_v4_l1_l6_admission_20260822/l0_replay_preparation/source_states/grpo_leung_dfcfc2_0015.source_state.json
grpo_admission_20260822_batch_v4_classifier_guided_stratified/grpo_leung_dfcfc2_0016,grpo_admission_20260822_batch_v4_classifier_guided_stratified,grpo_leung_dfcfc2_0016,leung_dfcfc2_pin_3,physical_closure_failed,L2_pre_layout_pvt,magical_place_route,0,0,1,0,500.0,,,,generated/analog_harness/grpo_batch_v4_l1_l6_admission_20260822/l0_replay_preparation/source_states/grpo_leung_dfcfc2_0016.source_state.json,/home/qlf/IOT/references/pcs-harness-align-origin-main-20260815/generated/analog_harness/grpo_batch_v4_l1_l6_admission_20260822/l0_replay_preparation/source_states/grpo_leung_dfcfc2_0016.source_state.json
grpo_admission_20260822_batch_v4_classifier_guided_stratified/grpo_leung_dfcfc2_0017,grpo_admission_20260822_batch_v4_classifier_guided_stratified,grpo_leung_dfcfc2_0017,leung_dfcfc2_pin_3,physical_closure_failed,L2_pre_layout_pvt,magical_place_route,0,0,1,0,500.0,,,,generated/analog_harness/grpo_batch_v4_l1_l6_admission_20260822/l0_replay_preparation/source_states/grpo_leung_dfcfc2_0017.source_state.json,/home/qlf/IOT/references/pcs-harness-align-origin-main-20260815/generated/analog_harness/grpo_batch_v4_l1_l6_admission_20260822/l0_replay_preparation/source_states/grpo_leung_dfcfc2_0017.source_state.json
grpo_admission_20260822_batch_v4_classifier_guided_stratified/grpo_leung_dfcfc2_0018,grpo_admission_20260822_batch_v4_classifier_guided_stratified,grpo_leung_dfcfc2_0018,leung_dfcfc2_pin_3,raw_pex_available_not_l6,L2_pre_layout_pvt,post_layout_or_lvs_not_l6,0,1,0,0,500.0,105,5785.90632,27c1b78e945f5ab4a4ca522dc3753f7d45d310ec1934dacdaa931e931ce8a57b,generated/analog_harness/grpo_batch_v4_l1_l6_admission_20260822/l0_replay_preparation/source_states/grpo_leung_dfcfc2_0018.source_state.json,/home/qlf/IOT/references/pcs-harness-align-origin-main-20260815/generated/analog_harness/grpo_batch_v4_l1_l6_admission_20260822/l0_replay_preparation/source_states/grpo_leung_dfcfc2_0018.source_state.json
grpo_admission_20260822_batch_v4_classifier_guided_stratified/grpo_leung_dfcfc2_0019,grpo_admission_20260822_batch_v4_classifier_guided_stratified,grpo_leung_dfcfc2_0019,leung_dfcfc2_pin_3,simulation_timeout_or_hang,,simulation_timeout_or_hang,0,1,0,1,500.0,115,6944.78921,e5472435292066ddb3d2c5f661b0184a9bf121a9cbed0089dbcfdb92d1bd7072,generated/analog_harness/grpo_batch_v4_l1_l6_admission_20260822/l0_replay_preparation/source_states/grpo_leung_dfcfc2_0019.source_state.json,/home/qlf/IOT/references/pcs-harness-align-origin-main-20260815/generated/analog_harness/grpo_batch_v4_l1_l6_admission_20260822/l0_replay_preparation/source_states/grpo_leung_dfcfc2_0019.source_state.json
grpo_admission_20260822_batch_v4_classifier_guided_stratified/grpo_leung_dfcfc2_0020,grpo_admission_20260822_batch_v4_classifier_guided_stratified,grpo_leung_dfcfc2_0020,leung_dfcfc2_pin_3,physical_closure_failed,L2_pre_layout_pvt,magical_place_route,0,0,1,0,500.0,,,,generated/analog_harness/grpo_batch_v4_l1_l6_admission_20260822/l0_replay_preparation/source_states/grpo_leung_dfcfc2_0020.source_state.json,/home/qlf/IOT/references/pcs-harness-align-origin-main-20260815/generated/analog_harness/grpo_batch_v4_l1_l6_admission_20260822/l0_replay_preparation/source_states/grpo_leung_dfcfc2_0020.source_state.json
grpo_admission_20260822_batch_v4_classifier_guided_stratified/grpo_leung_dfcfc2_0021,grpo_admission_20260822_batch_v4_classifier_guided_stratified,grpo_leung_dfcfc2_0021,leung_dfcfc2_pin_3,raw_pex_available_not_l6,L2_pre_layout_pvt,post_layout_or_lvs_not_l6,0,1,0,0,480.0,91,1970.80381,25f02f4e15fc22479b213a5a608f4bb682b7ed2a6035553120c76e3f6b1a5b17,generated/analog_harness/grpo_batch_v4_l1_l6_admission_20260822/l0_replay_preparation/source_states/grpo_leung_dfcfc2_0021.source_state.json,/home/qlf/IOT/references/pcs-harness-align-origin-main-20260815/generated/analog_harness/grpo_batch_v4_l1_l6_admission_20260822/l0_replay_preparation/source_states/grpo_leung_dfcfc2_0021.source_state.json
grpo_admission_20260822_batch_v4_classifier_guided_stratified/grpo_leung_dfcfc2_0022,grpo_admission_20260822_batch_v4_classifier_guided_stratified,grpo_leung_dfcfc2_0022,leung_dfcfc2_pin_3,raw_pex_available_not_l6,L2_pre_layout_pvt,post_layout_or_lvs_not_l6,0,1,0,0,475.0,95,4190.74792,76de9eea26a4438ae34cc677236f75cdffcaa4f9ee03bb61a7402d893e0ced60,generated/analog_harness/grpo_batch_v4_l1_l6_admission_20260822/l0_replay_preparation/source_states/grpo_leung_dfcfc2_0022.source_state.json,/home/qlf/IOT/references/pcs-harness-align-origin-main-20260815/generated/analog_harness/grpo_batch_v4_l1_l6_admission_20260822/l0_replay_preparation/source_states/grpo_leung_dfcfc2_0022.source_state.json
grpo_admission_20260822_batch_v4_classifier_guided_stratified/grpo_leung_dfcfc2_0023,grpo_admission_20260822_batch_v4_classifier_guided_stratified,grpo_leung_dfcfc2_0023,leung_dfcfc2_pin_3,physical_closure_failed,L2_pre_layout_pvt,magical_place_route,0,0,1,0,500.0,,,,generated/analog_harness/grpo_batch_v4_l1_l6_admission_20260822/l0_replay_preparation/source_states/grpo_leung_dfcfc2_0023.source_state.json,/home/qlf/IOT/references/pcs-harness-align-origin-main-20260815/generated/analog_harness/grpo_batch_v4_l1_l6_admission_20260822/l0_replay_preparation/source_states/grpo_leung_dfcfc2_0023.source_state.json
